[2026-09-22 05:02:15Z] System.Data.SqlClient.SqlException: Login failed for user 'aarambha_app'.
   at System.Data.SqlClient.SqlInternalConnectionTds..ctor(DbConnectionPoolIdentity identity, SqlConnectionString connectionOptions, SqlCredential credential, Object providerInfo, String newPassword, SecureString newSecurePassword, Boolean redirectedUserInstance, SqlConnectionString userConnectionOptions, SessionData reconnectSessionData, DbConnectionPool pool, String accessToken, Boolean applyTransientFaultHandling, SqlAuthenticationProviderManager sqlAuthProviderManager)
   at System.Data.SqlClient.SqlConnectionFactory.CreateConnection(DbConnectionOptions options, DbConnectionPoolKey poolKey, Object poolGroupProviderInfo, DbConnectionPool pool, DbConnection owningConnection, DbConnectionOptions userOptions)
   at System.Data.ProviderBase.DbConnectionFactory.CreatePooledConnection(DbConnectionPool pool, DbConnection owningObject, DbConnectionOptions options, DbConnectionPoolKey poolKey, DbConnectionOptions userOptions)
   at System.Data.ProviderBase.DbConnectionPool.CreateObject(DbConnection owningObject, DbConnectionOptions userOptions, DbConnectionInternal oldConnection)
   at System.Data.ProviderBase.DbConnectionPool.UserCreateRequest(DbConnection owningObject, DbConnectionOptions userOptions, DbConnectionInternal oldConnection)
   at System.Data.ProviderBase.DbConnectionPool.TryGetConnection(DbConnection owningObject, UInt32 waitForMultipleObjectsTimeout, Boolean allowCreate, Boolean onlyOneCheckConnection, DbConnectionOptions userOptions, DbConnectionInternal& connection)
   at System.Data.ProviderBase.DbConnectionPool.TryGetConnection(DbConnection owningObject, TaskCompletionSource`1 retry, DbConnectionOptions userOptions, DbConnectionInternal& connection)
   at System.Data.ProviderBase.DbConnectionFactory.TryGetConnection(DbConnection owningConnection, TaskCompletionSource`1 retry, DbConnectionOptions userOptions, DbConnectionInternal oldConnection, DbConnectionInternal& connection)
   at System.Data.ProviderBase.DbConnectionInternal.TryOpenConnectionInternal(DbConnection outerConnection, DbConnectionFactory connectionFactory, TaskCompletionSource`1 retry, DbConnectionOptions userOptions)
   at System.Data.SqlClient.SqlConnection.TryOpenInner(TaskCompletionSource`1 retry)
   at System.Data.SqlClient.SqlConnection.TryOpen(TaskCompletionSource`1 retry)
   at System.Data.SqlClient.SqlConnection.Open()
   at Aarambha.Data_Access_Layer.SubjectDAL.GetAll() in C:\Users\ayush\OneDrive\Desktop\BSC.IT\4th semester\Web_applications\assignment_code\Aarambha\Data_Access_Layer\SubjectDAL.cs:line 18
   at Aarambha.BLL.SubjectBLL.GetAll() in C:\Users\ayush\OneDrive\Desktop\BSC.IT\4th semester\Web_applications\assignment_code\Aarambha\BLL\SubjectBLL.cs:line 12
   at Aarambha.Pages.Subjects.BindSubjects(String keyword) in C:\Users\ayush\OneDrive\Desktop\BSC.IT\4th semester\Web_applications\assignment_code\Aarambha\Pages\Subjects.aspx.cs:line 30
[2026-09-22 05:02:30Z] System.Data.SqlClient.SqlException: Login failed for user 'aarambha_app'.
   at System.Data.SqlClient.SqlInternalConnectionTds..ctor(DbConnectionPoolIdentity identity, SqlConnectionString connectionOptions, SqlCredential credential, Object providerInfo, String newPassword, SecureString newSecurePassword, Boolean redirectedUserInstance, SqlConnectionString userConnectionOptions, SessionData reconnectSessionData, DbConnectionPool pool, String accessToken, Boolean applyTransientFaultHandling, SqlAuthenticationProviderManager sqlAuthProviderManager)
   at System.Data.SqlClient.SqlConnectionFactory.CreateConnection(DbConnectionOptions options, DbConnectionPoolKey poolKey, Object poolGroupProviderInfo, DbConnectionPool pool, DbConnection owningConnection, DbConnectionOptions userOptions)
   at System.Data.ProviderBase.DbConnectionFactory.CreatePooledConnection(DbConnectionPool pool, DbConnection owningObject, DbConnectionOptions options, DbConnectionPoolKey poolKey, DbConnectionOptions userOptions)
   at System.Data.ProviderBase.DbConnectionPool.CreateObject(DbConnection owningObject, DbConnectionOptions userOptions, DbConnectionInternal oldConnection)
   at System.Data.ProviderBase.DbConnectionPool.UserCreateRequest(DbConnection owningObject, DbConnectionOptions userOptions, DbConnectionInternal oldConnection)
   at System.Data.ProviderBase.DbConnectionPool.TryGetConnection(DbConnection owningObject, UInt32 waitForMultipleObjectsTimeout, Boolean allowCreate, Boolean onlyOneCheckConnection, DbConnectionOptions userOptions, DbConnectionInternal& connection)
   at System.Data.ProviderBase.DbConnectionPool.TryGetConnection(DbConnection owningObject, TaskCompletionSource`1 retry, DbConnectionOptions userOptions, DbConnectionInternal& connection)
   at System.Data.ProviderBase.DbConnectionFactory.TryGetConnection(DbConnection owningConnection, TaskCompletionSource`1 retry, DbConnectionOptions userOptions, DbConnectionInternal oldConnection, DbConnectionInternal& connection)
   at System.Data.ProviderBase.DbConnectionInternal.TryOpenConnectionInternal(DbConnection outerConnection, DbConnectionFactory connectionFactory, TaskCompletionSource`1 retry, DbConnectionOptions userOptions)
   at System.Data.SqlClient.SqlConnection.TryOpenInner(TaskCompletionSource`1 retry)
   at System.Data.SqlClient.SqlConnection.TryOpen(TaskCompletionSource`1 retry)
   at System.Data.SqlClient.SqlConnection.Open()
   at Aarambha.Data_Access_Layer.UserDAL.GetByUsername(String username) in C:\Users\ayush\OneDrive\Desktop\BSC.IT\4th semester\Web_applications\assignment_code\Aarambha\Data_Access_Layer\UserDAL.cs:line 57
   at Aarambha.BLL.AuthBLL.Login(String username, String password) in C:\Users\ayush\OneDrive\Desktop\BSC.IT\4th semester\Web_applications\assignment_code\Aarambha\BLL\AuthBLL.cs:line 17
   at Aarambha.Account.Login.btnLogin_Click(Object sender, EventArgs e) in C:\Users\ayush\OneDrive\Desktop\BSC.IT\4th semester\Web_applications\assignment_code\Aarambha\Account\Login.aspx.cs:line 21
[2026-09-22 05:03:17Z] System.Data.SqlClient.SqlException: Login failed for user 'aarambha_app'.
   at System.Data.SqlClient.SqlInternalConnectionTds..ctor(DbConnectionPoolIdentity identity, SqlConnectionString connectionOptions, SqlCredential credential, Object providerInfo, String newPassword, SecureString newSecurePassword, Boolean redirectedUserInstance, SqlConnectionString userConnectionOptions, SessionData reconnectSessionData, DbConnectionPool pool, String accessToken, Boolean applyTransientFaultHandling, SqlAuthenticationProviderManager sqlAuthProviderManager)
   at System.Data.SqlClient.SqlConnectionFactory.CreateConnection(DbConnectionOptions options, DbConnectionPoolKey poolKey, Object poolGroupProviderInfo, DbConnectionPool pool, DbConnection owningConnection, DbConnectionOptions userOptions)
   at System.Data.ProviderBase.DbConnectionFactory.CreatePooledConnection(DbConnectionPool pool, DbConnection owningObject, DbConnectionOptions options, DbConnectionPoolKey poolKey, DbConnectionOptions userOptions)
   at System.Data.ProviderBase.DbConnectionPool.CreateObject(DbConnection owningObject, DbConnectionOptions userOptions, DbConnectionInternal oldConnection)
   at System.Data.ProviderBase.DbConnectionPool.UserCreateRequest(DbConnection owningObject, DbConnectionOptions userOptions, DbConnectionInternal oldConnection)
   at System.Data.ProviderBase.DbConnectionPool.TryGetConnection(DbConnection owningObject, UInt32 waitForMultipleObjectsTimeout, Boolean allowCreate, Boolean onlyOneCheckConnection, DbConnectionOptions userOptions, DbConnectionInternal& connection)
   at System.Data.ProviderBase.DbConnectionPool.TryGetConnection(DbConnection owningObject, TaskCompletionSource`1 retry, DbConnectionOptions userOptions, DbConnectionInternal& connection)
   at System.Data.ProviderBase.DbConnectionFactory.TryGetConnection(DbConnection owningConnection, TaskCompletionSource`1 retry, DbConnectionOptions userOptions, DbConnectionInternal oldConnection, DbConnectionInternal& connection)
   at System.Data.ProviderBase.DbConnectionInternal.TryOpenConnectionInternal(DbConnection outerConnection, DbConnectionFactory connectionFactory, TaskCompletionSource`1 retry, DbConnectionOptions userOptions)
   at System.Data.SqlClient.SqlConnection.TryOpenInner(TaskCompletionSource`1 retry)
   at System.Data.SqlClient.SqlConnection.TryOpen(TaskCompletionSource`1 retry)
   at System.Data.SqlClient.SqlConnection.Open()
   at Aarambha.Data_Access_Layer.SubjectDAL.GetAll() in C:\Users\ayush\OneDrive\Desktop\BSC.IT\4th semester\Web_applications\assignment_code\Aarambha\Data_Access_Layer\SubjectDAL.cs:line 18
   at Aarambha.BLL.SubjectBLL.GetAll() in C:\Users\ayush\OneDrive\Desktop\BSC.IT\4th semester\Web_applications\assignment_code\Aarambha\BLL\SubjectBLL.cs:line 12
   at Aarambha.Pages.Subjects.BindSubjects(String keyword) in C:\Users\ayush\OneDrive\Desktop\BSC.IT\4th semester\Web_applications\assignment_code\Aarambha\Pages\Subjects.aspx.cs:line 30
[2026-09-22 05:03:22Z] System.Data.SqlClient.SqlException: Login failed for user 'aarambha_app'.
   at System.Data.ProviderBase.DbConnectionPool.TryGetConnection(DbConnection owningObject, UInt32 waitForMultipleObjectsTimeout, Boolean allowCreate, Boolean onlyOneCheckConnection, DbConnectionOptions userOptions, DbConnectionInternal& connection)
   at System.Data.ProviderBase.DbConnectionPool.TryGetConnection(DbConnection owningObject, TaskCompletionSource`1 retry, DbConnectionOptions userOptions, DbConnectionInternal& connection)
   at System.Data.ProviderBase.DbConnectionFactory.TryGetConnection(DbConnection owningConnection, TaskCompletionSource`1 retry, DbConnectionOptions userOptions, DbConnectionInternal oldConnection, DbConnectionInternal& connection)
   at System.Data.ProviderBase.DbConnectionInternal.TryOpenConnectionInternal(DbConnection outerConnection, DbConnectionFactory connectionFactory, TaskCompletionSource`1 retry, DbConnectionOptions userOptions)
   at System.Data.SqlClient.SqlConnection.TryOpenInner(TaskCompletionSource`1 retry)
   at System.Data.SqlClient.SqlConnection.TryOpen(TaskCompletionSource`1 retry)
   at System.Data.SqlClient.SqlConnection.Open()
   at Aarambha.Data_Access_Layer.SubjectDAL.GetAll() in C:\Users\ayush\OneDrive\Desktop\BSC.IT\4th semester\Web_applications\assignment_code\Aarambha\Data_Access_Layer\SubjectDAL.cs:line 18
   at Aarambha.BLL.SubjectBLL.GetAll() in C:\Users\ayush\OneDrive\Desktop\BSC.IT\4th semester\Web_applications\assignment_code\Aarambha\BLL\SubjectBLL.cs:line 12
   at Aarambha.Pages.Subjects.BindSubjects(String keyword) in C:\Users\ayush\OneDrive\Desktop\BSC.IT\4th semester\Web_applications\assignment_code\Aarambha\Pages\Subjects.aspx.cs:line 30
[2026-09-22 05:15:23Z] System.Data.SqlClient.SqlException: Login failed for user 'aarambha_app'.
   at System.Data.SqlClient.SqlInternalConnectionTds..ctor(DbConnectionPoolIdentity identity, SqlConnectionString connectionOptions, SqlCredential credential, Object providerInfo, String newPassword, SecureString newSecurePassword, Boolean redirectedUserInstance, SqlConnectionString userConnectionOptions, SessionData reconnectSessionData, DbConnectionPool pool, String accessToken, Boolean applyTransientFaultHandling, SqlAuthenticationProviderManager sqlAuthProviderManager)
   at System.Data.SqlClient.SqlConnectionFactory.CreateConnection(DbConnectionOptions options, DbConnectionPoolKey poolKey, Object poolGroupProviderInfo, DbConnectionPool pool, DbConnection owningConnection, DbConnectionOptions userOptions)
   at System.Data.ProviderBase.DbConnectionFactory.CreatePooledConnection(DbConnectionPool pool, DbConnection owningObject, DbConnectionOptions options, DbConnectionPoolKey poolKey, DbConnectionOptions userOptions)
   at System.Data.ProviderBase.DbConnectionPool.CreateObject(DbConnection owningObject, DbConnectionOptions userOptions, DbConnectionInternal oldConnection)
   at System.Data.ProviderBase.DbConnectionPool.UserCreateRequest(DbConnection owningObject, DbConnectionOptions userOptions, DbConnectionInternal oldConnection)
   at System.Data.ProviderBase.DbConnectionPool.TryGetConnection(DbConnection owningObject, UInt32 waitForMultipleObjectsTimeout, Boolean allowCreate, Boolean onlyOneCheckConnection, DbConnectionOptions userOptions, DbConnectionInternal& connection)
   at System.Data.ProviderBase.DbConnectionPool.TryGetConnection(DbConnection owningObject, TaskCompletionSource`1 retry, DbConnectionOptions userOptions, DbConnectionInternal& connection)
   at System.Data.ProviderBase.DbConnectionFactory.TryGetConnection(DbConnection owningConnection, TaskCompletionSource`1 retry, DbConnectionOptions userOptions, DbConnectionInternal oldConnection, DbConnectionInternal& connection)
   at System.Data.ProviderBase.DbConnectionInternal.TryOpenConnectionInternal(DbConnection outerConnection, DbConnectionFactory connectionFactory, TaskCompletionSource`1 retry, DbConnectionOptions userOptions)
   at System.Data.SqlClient.SqlConnection.TryOpenInner(TaskCompletionSource`1 retry)
   at System.Data.SqlClient.SqlConnection.TryOpen(TaskCompletionSource`1 retry)
   at System.Data.SqlClient.SqlConnection.Open()
   at Aarambha.Data_Access_Layer.SubjectDAL.GetAll() in C:\Users\ayush\OneDrive\Desktop\BSC.IT\4th semester\Web_applications\assignment_code\Aarambha\Data_Access_Layer\SubjectDAL.cs:line 18
   at Aarambha.BLL.SubjectBLL.GetAll() in C:\Users\ayush\OneDrive\Desktop\BSC.IT\4th semester\Web_applications\assignment_code\Aarambha\BLL\SubjectBLL.cs:line 12
   at Aarambha.Pages.Default.BindFeaturedSubjects() in C:\Users\ayush\OneDrive\Desktop\BSC.IT\4th semester\Web_applications\assignment_code\Aarambha\Pages\Default.aspx.cs:line 26
[2026-09-22 05:15:33Z] System.Data.SqlClient.SqlException: Login failed for user 'aarambha_app'.
   at System.Data.SqlClient.SqlInternalConnectionTds..ctor(DbConnectionPoolIdentity identity, SqlConnectionString connectionOptions, SqlCredential credential, Object providerInfo, String newPassword, SecureString newSecurePassword, Boolean redirectedUserInstance, SqlConnectionString userConnectionOptions, SessionData reconnectSessionData, DbConnectionPool pool, String accessToken, Boolean applyTransientFaultHandling, SqlAuthenticationProviderManager sqlAuthProviderManager)
   at System.Data.SqlClient.SqlConnectionFactory.CreateConnection(DbConnectionOptions options, DbConnectionPoolKey poolKey, Object poolGroupProviderInfo, DbConnectionPool pool, DbConnection owningConnection, DbConnectionOptions userOptions)
   at System.Data.ProviderBase.DbConnectionFactory.CreatePooledConnection(DbConnectionPool pool, DbConnection owningObject, DbConnectionOptions options, DbConnectionPoolKey poolKey, DbConnectionOptions userOptions)
   at System.Data.ProviderBase.DbConnectionPool.CreateObject(DbConnection owningObject, DbConnectionOptions userOptions, DbConnectionInternal oldConnection)
   at System.Data.ProviderBase.DbConnectionPool.UserCreateRequest(DbConnection owningObject, DbConnectionOptions userOptions, DbConnectionInternal oldConnection)
   at System.Data.ProviderBase.DbConnectionPool.TryGetConnection(DbConnection owningObject, UInt32 waitForMultipleObjectsTimeout, Boolean allowCreate, Boolean onlyOneCheckConnection, DbConnectionOptions userOptions, DbConnectionInternal& connection)
   at System.Data.ProviderBase.DbConnectionPool.TryGetConnection(DbConnection owningObject, TaskCompletionSource`1 retry, DbConnectionOptions userOptions, DbConnectionInternal& connection)
   at System.Data.ProviderBase.DbConnectionFactory.TryGetConnection(DbConnection owningConnection, TaskCompletionSource`1 retry, DbConnectionOptions userOptions, DbConnectionInternal oldConnection, DbConnectionInternal& connection)
   at System.Data.ProviderBase.DbConnectionInternal.TryOpenConnectionInternal(DbConnection outerConnection, DbConnectionFactory connectionFactory, TaskCompletionSource`1 retry, DbConnectionOptions userOptions)
   at System.Data.SqlClient.SqlConnection.TryOpenInner(TaskCompletionSource`1 retry)
   at System.Data.SqlClient.SqlConnection.TryOpen(TaskCompletionSource`1 retry)
   at System.Data.SqlClient.SqlConnection.Open()
   at Aarambha.Data_Access_Layer.SubjectDAL.GetAll() in C:\Users\ayush\OneDrive\Desktop\BSC.IT\4th semester\Web_applications\assignment_code\Aarambha\Data_Access_Layer\SubjectDAL.cs:line 18
   at Aarambha.BLL.SubjectBLL.GetAll() in C:\Users\ayush\OneDrive\Desktop\BSC.IT\4th semester\Web_applications\assignment_code\Aarambha\BLL\SubjectBLL.cs:line 12
   at Aarambha.Pages.Subjects.BindSubjects(String keyword) in C:\Users\ayush\OneDrive\Desktop\BSC.IT\4th semester\Web_applications\assignment_code\Aarambha\Pages\Subjects.aspx.cs:line 30
[2026-09-22 05:16:01Z] System.Data.SqlClient.SqlException: Login failed for user 'aarambha_app'.
   at System.Data.SqlClient.SqlInternalConnectionTds..ctor(DbConnectionPoolIdentity identity, SqlConnectionString connectionOptions, SqlCredential credential, Object providerInfo, String newPassword, SecureString newSecurePassword, Boolean redirectedUserInstance, SqlConnectionString userConnectionOptions, SessionData reconnectSessionData, DbConnectionPool pool, String accessToken, Boolean applyTransientFaultHandling, SqlAuthenticationProviderManager sqlAuthProviderManager)
   at System.Data.SqlClient.SqlConnectionFactory.CreateConnection(DbConnectionOptions options, DbConnectionPoolKey poolKey, Object poolGroupProviderInfo, DbConnectionPool pool, DbConnection owningConnection, DbConnectionOptions userOptions)
   at System.Data.ProviderBase.DbConnectionFactory.CreatePooledConnection(DbConnectionPool pool, DbConnection owningObject, DbConnectionOptions options, DbConnectionPoolKey poolKey, DbConnectionOptions userOptions)
   at System.Data.ProviderBase.DbConnectionPool.CreateObject(DbConnection owningObject, DbConnectionOptions userOptions, DbConnectionInternal oldConnection)
   at System.Data.ProviderBase.DbConnectionPool.UserCreateRequest(DbConnection owningObject, DbConnectionOptions userOptions, DbConnectionInternal oldConnection)
   at System.Data.ProviderBase.DbConnectionPool.TryGetConnection(DbConnection owningObject, UInt32 waitForMultipleObjectsTimeout, Boolean allowCreate, Boolean onlyOneCheckConnection, DbConnectionOptions userOptions, DbConnectionInternal& connection)
   at System.Data.ProviderBase.DbConnectionPool.TryGetConnection(DbConnection owningObject, TaskCompletionSource`1 retry, DbConnectionOptions userOptions, DbConnectionInternal& connection)
   at System.Data.ProviderBase.DbConnectionFactory.TryGetConnection(DbConnection owningConnection, TaskCompletionSource`1 retry, DbConnectionOptions userOptions, DbConnectionInternal oldConnection, DbConnectionInternal& connection)
   at System.Data.ProviderBase.DbConnectionInternal.TryOpenConnectionInternal(DbConnection outerConnection, DbConnectionFactory connectionFactory, TaskCompletionSource`1 retry, DbConnectionOptions userOptions)
   at System.Data.SqlClient.SqlConnection.TryOpenInner(TaskCompletionSource`1 retry)
   at System.Data.SqlClient.SqlConnection.TryOpen(TaskCompletionSource`1 retry)
   at System.Data.SqlClient.SqlConnection.Open()
   at Aarambha.Data_Access_Layer.UserDAL.GetByUsername(String username) in C:\Users\ayush\OneDrive\Desktop\BSC.IT\4th semester\Web_applications\assignment_code\Aarambha\Data_Access_Layer\UserDAL.cs:line 57
   at Aarambha.BLL.AuthBLL.Login(String username, String password) in C:\Users\ayush\OneDrive\Desktop\BSC.IT\4th semester\Web_applications\assignment_code\Aarambha\BLL\AuthBLL.cs:line 17
   at Aarambha.Account.Login.btnLogin_Click(Object sender, EventArgs e) in C:\Users\ayush\OneDrive\Desktop\BSC.IT\4th semester\Web_applications\assignment_code\Aarambha\Account\Login.aspx.cs:line 21
[2026-09-22 05:16:35Z] System.Data.SqlClient.SqlException: Login failed for user 'aarambha_app'.
   at System.Data.SqlClient.SqlInternalConnectionTds..ctor(DbConnectionPoolIdentity identity, SqlConnectionString connectionOptions, SqlCredential credential, Object providerInfo, String newPassword, SecureString newSecurePassword, Boolean redirectedUserInstance, SqlConnectionString userConnectionOptions, SessionData reconnectSessionData, DbConnectionPool pool, String accessToken, Boolean applyTransientFaultHandling, SqlAuthenticationProviderManager sqlAuthProviderManager)
   at System.Data.SqlClient.SqlConnectionFactory.CreateConnection(DbConnectionOptions options, DbConnectionPoolKey poolKey, Object poolGroupProviderInfo, DbConnectionPool pool, DbConnection owningConnection, DbConnectionOptions userOptions)
   at System.Data.ProviderBase.DbConnectionFactory.CreatePooledConnection(DbConnectionPool pool, DbConnection owningObject, DbConnectionOptions options, DbConnectionPoolKey poolKey, DbConnectionOptions userOptions)
   at System.Data.ProviderBase.DbConnectionPool.CreateObject(DbConnection owningObject, DbConnectionOptions userOptions, DbConnectionInternal oldConnection)
   at System.Data.ProviderBase.DbConnectionPool.UserCreateRequest(DbConnection owningObject, DbConnectionOptions userOptions, DbConnectionInternal oldConnection)
   at System.Data.ProviderBase.DbConnectionPool.TryGetConnection(DbConnection owningObject, UInt32 waitForMultipleObjectsTimeout, Boolean allowCreate, Boolean onlyOneCheckConnection, DbConnectionOptions userOptions, DbConnectionInternal& connection)
   at System.Data.ProviderBase.DbConnectionPool.TryGetConnection(DbConnection owningObject, TaskCompletionSource`1 retry, DbConnectionOptions userOptions, DbConnectionInternal& connection)
   at System.Data.ProviderBase.DbConnectionFactory.TryGetConnection(DbConnection owningConnection, TaskCompletionSource`1 retry, DbConnectionOptions userOptions, DbConnectionInternal oldConnection, DbConnectionInternal& connection)
   at System.Data.ProviderBase.DbConnectionInternal.TryOpenConnectionInternal(DbConnection outerConnection, DbConnectionFactory connectionFactory, TaskCompletionSource`1 retry, DbConnectionOptions userOptions)
   at System.Data.SqlClient.SqlConnection.TryOpenInner(TaskCompletionSource`1 retry)
   at System.Data.SqlClient.SqlConnection.TryOpen(TaskCompletionSource`1 retry)
   at System.Data.SqlClient.SqlConnection.Open()
   at Aarambha.Data_Access_Layer.UserDAL.GetByUsername(String username) in C:\Users\ayush\OneDrive\Desktop\BSC.IT\4th semester\Web_applications\assignment_code\Aarambha\Data_Access_Layer\UserDAL.cs:line 57
   at Aarambha.BLL.UserBLL.Create(User model) in C:\Users\ayush\OneDrive\Desktop\BSC.IT\4th semester\Web_applications\assignment_code\Aarambha\BLL\UserBLL.cs:line 37
   at Aarambha.Account.Register.btnRegister_Click(Object sender, EventArgs e) in C:\Users\ayush\OneDrive\Desktop\BSC.IT\4th semester\Web_applications\assignment_code\Aarambha\Account\Register.aspx.cs:line 38
[2026-09-22 05:16:43Z] System.Data.SqlClient.SqlException: Login failed for user 'aarambha_app'.
   at System.Data.ProviderBase.DbConnectionPool.TryGetConnection(DbConnection owningObject, UInt32 waitForMultipleObjectsTimeout, Boolean allowCreate, Boolean onlyOneCheckConnection, DbConnectionOptions userOptions, DbConnectionInternal& connection)
   at System.Data.ProviderBase.DbConnectionPool.TryGetConnection(DbConnection owningObject, TaskCompletionSource`1 retry, DbConnectionOptions userOptions, DbConnectionInternal& connection)
   at System.Data.ProviderBase.DbConnectionFactory.TryGetConnection(DbConnection owningConnection, TaskCompletionSource`1 retry, DbConnectionOptions userOptions, DbConnectionInternal oldConnection, DbConnectionInternal& connection)
   at System.Data.ProviderBase.DbConnectionInternal.TryOpenConnectionInternal(DbConnection outerConnection, DbConnectionFactory connectionFactory, TaskCompletionSource`1 retry, DbConnectionOptions userOptions)
   at System.Data.SqlClient.SqlConnection.TryOpenInner(TaskCompletionSource`1 retry)
   at System.Data.SqlClient.SqlConnection.TryOpen(TaskCompletionSource`1 retry)
   at System.Data.SqlClient.SqlConnection.Open()
   at Aarambha.Data_Access_Layer.SubjectDAL.GetAll() in C:\Users\ayush\OneDrive\Desktop\BSC.IT\4th semester\Web_applications\assignment_code\Aarambha\Data_Access_Layer\SubjectDAL.cs:line 18
   at Aarambha.BLL.SubjectBLL.GetAll() in C:\Users\ayush\OneDrive\Desktop\BSC.IT\4th semester\Web_applications\assignment_code\Aarambha\BLL\SubjectBLL.cs:line 12
   at Aarambha.Pages.Subjects.BindSubjects(String keyword) in C:\Users\ayush\OneDrive\Desktop\BSC.IT\4th semester\Web_applications\assignment_code\Aarambha\Pages\Subjects.aspx.cs:line 30
[2026-09-22 05:16:44Z] System.Data.SqlClient.SqlException: Login failed for user 'aarambha_app'.
   at System.Data.ProviderBase.DbConnectionPool.TryGetConnection(DbConnection owningObject, UInt32 waitForMultipleObjectsTimeout, Boolean allowCreate, Boolean onlyOneCheckConnection, DbConnectionOptions userOptions, DbConnectionInternal& connection)
   at System.Data.ProviderBase.DbConnectionPool.TryGetConnection(DbConnection owningObject, TaskCompletionSource`1 retry, DbConnectionOptions userOptions, DbConnectionInternal& connection)
   at System.Data.ProviderBase.DbConnectionFactory.TryGetConnection(DbConnection owningConnection, TaskCompletionSource`1 retry, DbConnectionOptions userOptions, DbConnectionInternal oldConnection, DbConnectionInternal& connection)
   at System.Data.ProviderBase.DbConnectionInternal.TryOpenConnectionInternal(DbConnection outerConnection, DbConnectionFactory connectionFactory, TaskCompletionSource`1 retry, DbConnectionOptions userOptions)
   at System.Data.SqlClient.SqlConnection.TryOpenInner(TaskCompletionSource`1 retry)
   at System.Data.SqlClient.SqlConnection.TryOpen(TaskCompletionSource`1 retry)
   at System.Data.SqlClient.SqlConnection.Open()
   at Aarambha.Data_Access_Layer.SubjectDAL.GetAll() in C:\Users\ayush\OneDrive\Desktop\BSC.IT\4th semester\Web_applications\assignment_code\Aarambha\Data_Access_Layer\SubjectDAL.cs:line 18
   at Aarambha.BLL.SubjectBLL.GetAll() in C:\Users\ayush\OneDrive\Desktop\BSC.IT\4th semester\Web_applications\assignment_code\Aarambha\BLL\SubjectBLL.cs:line 12
   at Aarambha.Pages.Default.BindFeaturedSubjects() in C:\Users\ayush\OneDrive\Desktop\BSC.IT\4th semester\Web_applications\assignment_code\Aarambha\Pages\Default.aspx.cs:line 26
[2026-09-22 05:16:47Z] System.Data.SqlClient.SqlException: Login failed for user 'aarambha_app'.
   at System.Data.ProviderBase.DbConnectionPool.TryGetConnection(DbConnection owningObject, UInt32 waitForMultipleObjectsTimeout, Boolean allowCreate, Boolean onlyOneCheckConnection, DbConnectionOptions userOptions, DbConnectionInternal& connection)
   at System.Data.ProviderBase.DbConnectionPool.TryGetConnection(DbConnection owningObject, TaskCompletionSource`1 retry, DbConnectionOptions userOptions, DbConnectionInternal& connection)
   at System.Data.ProviderBase.DbConnectionFactory.TryGetConnection(DbConnection owningConnection, TaskCompletionSource`1 retry, DbConnectionOptions userOptions, DbConnectionInternal oldConnection, DbConnectionInternal& connection)
   at System.Data.ProviderBase.DbConnectionInternal.TryOpenConnectionInternal(DbConnection outerConnection, DbConnectionFactory connectionFactory, TaskCompletionSource`1 retry, DbConnectionOptions userOptions)
   at System.Data.SqlClient.SqlConnection.TryOpenInner(TaskCompletionSource`1 retry)
   at System.Data.SqlClient.SqlConnection.TryOpen(TaskCompletionSource`1 retry)
   at System.Data.SqlClient.SqlConnection.Open()
   at Aarambha.Data_Access_Layer.SubjectDAL.GetAll() in C:\Users\ayush\OneDrive\Desktop\BSC.IT\4th semester\Web_applications\assignment_code\Aarambha\Data_Access_Layer\SubjectDAL.cs:line 18
   at Aarambha.BLL.SubjectBLL.GetAll() in C:\Users\ayush\OneDrive\Desktop\BSC.IT\4th semester\Web_applications\assignment_code\Aarambha\BLL\SubjectBLL.cs:line 12
   at Aarambha.Pages.Subjects.BindSubjects(String keyword) in C:\Users\ayush\OneDrive\Desktop\BSC.IT\4th semester\Web_applications\assignment_code\Aarambha\Pages\Subjects.aspx.cs:line 30
[2026-09-22 05:16:50Z] System.Data.SqlClient.SqlException: Login failed for user 'aarambha_app'.
   at System.Data.ProviderBase.DbConnectionPool.TryGetConnection(DbConnection owningObject, UInt32 waitForMultipleObjectsTimeout, Boolean allowCreate, Boolean onlyOneCheckConnection, DbConnectionOptions userOptions, DbConnectionInternal& connection)
   at System.Data.ProviderBase.DbConnectionPool.TryGetConnection(DbConnection owningObject, TaskCompletionSource`1 retry, DbConnectionOptions userOptions, DbConnectionInternal& connection)
   at System.Data.ProviderBase.DbConnectionFactory.TryGetConnection(DbConnection owningConnection, TaskCompletionSource`1 retry, DbConnectionOptions userOptions, DbConnectionInternal oldConnection, DbConnectionInternal& connection)
   at System.Data.ProviderBase.DbConnectionInternal.TryOpenConnectionInternal(DbConnection outerConnection, DbConnectionFactory connectionFactory, TaskCompletionSource`1 retry, DbConnectionOptions userOptions)
   at System.Data.SqlClient.SqlConnection.TryOpenInner(TaskCompletionSource`1 retry)
   at System.Data.SqlClient.SqlConnection.TryOpen(TaskCompletionSource`1 retry)
   at System.Data.SqlClient.SqlConnection.Open()
   at Aarambha.Data_Access_Layer.SubjectDAL.GetAll() in C:\Users\ayush\OneDrive\Desktop\BSC.IT\4th semester\Web_applications\assignment_code\Aarambha\Data_Access_Layer\SubjectDAL.cs:line 18
   at Aarambha.BLL.SubjectBLL.GetAll() in C:\Users\ayush\OneDrive\Desktop\BSC.IT\4th semester\Web_applications\assignment_code\Aarambha\BLL\SubjectBLL.cs:line 12
   at Aarambha.Pages.Default.BindFeaturedSubjects() in C:\Users\ayush\OneDrive\Desktop\BSC.IT\4th semester\Web_applications\assignment_code\Aarambha\Pages\Default.aspx.cs:line 26
[2026-09-22 05:17:57Z] System.Data.SqlClient.SqlException: Login failed for user 'aarambha_app'.
   at System.Data.SqlClient.SqlInternalConnectionTds..ctor(DbConnectionPoolIdentity identity, SqlConnectionString connectionOptions, SqlCredential credential, Object providerInfo, String newPassword, SecureString newSecurePassword, Boolean redirectedUserInstance, SqlConnectionString userConnectionOptions, SessionData reconnectSessionData, DbConnectionPool pool, String accessToken, Boolean applyTransientFaultHandling, SqlAuthenticationProviderManager sqlAuthProviderManager)
   at System.Data.SqlClient.SqlConnectionFactory.CreateConnection(DbConnectionOptions options, DbConnectionPoolKey poolKey, Object poolGroupProviderInfo, DbConnectionPool pool, DbConnection owningConnection, DbConnectionOptions userOptions)
   at System.Data.ProviderBase.DbConnectionFactory.CreatePooledConnection(DbConnectionPool pool, DbConnection owningObject, DbConnectionOptions options, DbConnectionPoolKey poolKey, DbConnectionOptions userOptions)
   at System.Data.ProviderBase.DbConnectionPool.CreateObject(DbConnection owningObject, DbConnectionOptions userOptions, DbConnectionInternal oldConnection)
   at System.Data.ProviderBase.DbConnectionPool.UserCreateRequest(DbConnection owningObject, DbConnectionOptions userOptions, DbConnectionInternal oldConnection)
   at System.Data.ProviderBase.DbConnectionPool.TryGetConnection(DbConnection owningObject, UInt32 waitForMultipleObjectsTimeout, Boolean allowCreate, Boolean onlyOneCheckConnection, DbConnectionOptions userOptions, DbConnectionInternal& connection)
   at System.Data.ProviderBase.DbConnectionPool.TryGetConnection(DbConnection owningObject, TaskCompletionSource`1 retry, DbConnectionOptions userOptions, DbConnectionInternal& connection)
   at System.Data.ProviderBase.DbConnectionFactory.TryGetConnection(DbConnection owningConnection, TaskCompletionSource`1 retry, DbConnectionOptions userOptions, DbConnectionInternal oldConnection, DbConnectionInternal& connection)
   at System.Data.ProviderBase.DbConnectionInternal.TryOpenConnectionInternal(DbConnection outerConnection, DbConnectionFactory connectionFactory, TaskCompletionSource`1 retry, DbConnectionOptions userOptions)
   at System.Data.SqlClient.SqlConnection.TryOpenInner(TaskCompletionSource`1 retry)
   at System.Data.SqlClient.SqlConnection.TryOpen(TaskCompletionSource`1 retry)
   at System.Data.SqlClient.SqlConnection.Open()
   at Aarambha.Data_Access_Layer.SubjectDAL.GetAll() in C:\Users\ayush\OneDrive\Desktop\BSC.IT\4th semester\Web_applications\assignment_code\Aarambha\Data_Access_Layer\SubjectDAL.cs:line 18
   at Aarambha.BLL.SubjectBLL.GetAll() in C:\Users\ayush\OneDrive\Desktop\BSC.IT\4th semester\Web_applications\assignment_code\Aarambha\BLL\SubjectBLL.cs:line 12
   at Aarambha.Pages.Subjects.BindSubjects(String keyword) in C:\Users\ayush\OneDrive\Desktop\BSC.IT\4th semester\Web_applications\assignment_code\Aarambha\Pages\Subjects.aspx.cs:line 30
[2026-09-22 05:21:51Z] System.Data.SqlClient.SqlException: Login failed for user 'aarambha_app'.
   at System.Data.SqlClient.SqlInternalConnectionTds..ctor(DbConnectionPoolIdentity identity, SqlConnectionString connectionOptions, SqlCredential credential, Object providerInfo, String newPassword, SecureString newSecurePassword, Boolean redirectedUserInstance, SqlConnectionString userConnectionOptions, SessionData reconnectSessionData, DbConnectionPool pool, String accessToken, Boolean applyTransientFaultHandling, SqlAuthenticationProviderManager sqlAuthProviderManager)
   at System.Data.SqlClient.SqlConnectionFactory.CreateConnection(DbConnectionOptions options, DbConnectionPoolKey poolKey, Object poolGroupProviderInfo, DbConnectionPool pool, DbConnection owningConnection, DbConnectionOptions userOptions)
   at System.Data.ProviderBase.DbConnectionFactory.CreatePooledConnection(DbConnectionPool pool, DbConnection owningObject, DbConnectionOptions options, DbConnectionPoolKey poolKey, DbConnectionOptions userOptions)
   at System.Data.ProviderBase.DbConnectionPool.CreateObject(DbConnection owningObject, DbConnectionOptions userOptions, DbConnectionInternal oldConnection)
   at System.Data.ProviderBase.DbConnectionPool.UserCreateRequest(DbConnection owningObject, DbConnectionOptions userOptions, DbConnectionInternal oldConnection)
   at System.Data.ProviderBase.DbConnectionPool.TryGetConnection(DbConnection owningObject, UInt32 waitForMultipleObjectsTimeout, Boolean allowCreate, Boolean onlyOneCheckConnection, DbConnectionOptions userOptions, DbConnectionInternal& connection)
   at System.Data.ProviderBase.DbConnectionPool.TryGetConnection(DbConnection owningObject, TaskCompletionSource`1 retry, DbConnectionOptions userOptions, DbConnectionInternal& connection)
   at System.Data.ProviderBase.DbConnectionFactory.TryGetConnection(DbConnection owningConnection, TaskCompletionSource`1 retry, DbConnectionOptions userOptions, DbConnectionInternal oldConnection, DbConnectionInternal& connection)
   at System.Data.ProviderBase.DbConnectionInternal.TryOpenConnectionInternal(DbConnection outerConnection, DbConnectionFactory connectionFactory, TaskCompletionSource`1 retry, DbConnectionOptions userOptions)
   at System.Data.SqlClient.SqlConnection.TryOpenInner(TaskCompletionSource`1 retry)
   at System.Data.SqlClient.SqlConnection.TryOpen(TaskCompletionSource`1 retry)
   at System.Data.SqlClient.SqlConnection.Open()
   at Aarambha.Data_Access_Layer.UserDAL.GetByUsername(String username) in C:\Users\ayush\OneDrive\Desktop\BSC.IT\4th semester\Web_applications\assignment_code\Aarambha\Data_Access_Layer\UserDAL.cs:line 57
   at Aarambha.BLL.AuthBLL.Login(String username, String password) in C:\Users\ayush\OneDrive\Desktop\BSC.IT\4th semester\Web_applications\assignment_code\Aarambha\BLL\AuthBLL.cs:line 17
   at Aarambha.Account.Login.btnLogin_Click(Object sender, EventArgs e) in C:\Users\ayush\OneDrive\Desktop\BSC.IT\4th semester\Web_applications\assignment_code\Aarambha\Account\Login.aspx.cs:line 21
[2026-09-22 05:22:30Z] System.Data.SqlClient.SqlException: Login failed for user 'aarambha_app'.
   at System.Data.SqlClient.SqlInternalConnectionTds..ctor(DbConnectionPoolIdentity identity, SqlConnectionString connectionOptions, SqlCredential credential, Object providerInfo, String newPassword, SecureString newSecurePassword, Boolean redirectedUserInstance, SqlConnectionString userConnectionOptions, SessionData reconnectSessionData, DbConnectionPool pool, String accessToken, Boolean applyTransientFaultHandling, SqlAuthenticationProviderManager sqlAuthProviderManager)
   at System.Data.SqlClient.SqlConnectionFactory.CreateConnection(DbConnectionOptions options, DbConnectionPoolKey poolKey, Object poolGroupProviderInfo, DbConnectionPool pool, DbConnection owningConnection, DbConnectionOptions userOptions)
   at System.Data.ProviderBase.DbConnectionFactory.CreatePooledConnection(DbConnectionPool pool, DbConnection owningObject, DbConnectionOptions options, DbConnectionPoolKey poolKey, DbConnectionOptions userOptions)
   at System.Data.ProviderBase.DbConnectionPool.CreateObject(DbConnection owningObject, DbConnectionOptions userOptions, DbConnectionInternal oldConnection)
   at System.Data.ProviderBase.DbConnectionPool.UserCreateRequest(DbConnection owningObject, DbConnectionOptions userOptions, DbConnectionInternal oldConnection)
   at System.Data.ProviderBase.DbConnectionPool.TryGetConnection(DbConnection owningObject, UInt32 waitForMultipleObjectsTimeout, Boolean allowCreate, Boolean onlyOneCheckConnection, DbConnectionOptions userOptions, DbConnectionInternal& connection)
   at System.Data.ProviderBase.DbConnectionPool.TryGetConnection(DbConnection owningObject, TaskCompletionSource`1 retry, DbConnectionOptions userOptions, DbConnectionInternal& connection)
   at System.Data.ProviderBase.DbConnectionFactory.TryGetConnection(DbConnection owningConnection, TaskCompletionSource`1 retry, DbConnectionOptions userOptions, DbConnectionInternal oldConnection, DbConnectionInternal& connection)
   at System.Data.ProviderBase.DbConnectionInternal.TryOpenConnectionInternal(DbConnection outerConnection, DbConnectionFactory connectionFactory, TaskCompletionSource`1 retry, DbConnectionOptions userOptions)
   at System.Data.SqlClient.SqlConnection.TryOpenInner(TaskCompletionSource`1 retry)
   at System.Data.SqlClient.SqlConnection.TryOpen(TaskCompletionSource`1 retry)
   at System.Data.SqlClient.SqlConnection.Open()
   at Aarambha.Data_Access_Layer.SubjectDAL.GetAll() in C:\Users\ayush\OneDrive\Desktop\BSC.IT\4th semester\Web_applications\assignment_code\Aarambha\Data_Access_Layer\SubjectDAL.cs:line 18
   at Aarambha.BLL.SubjectBLL.GetAll() in C:\Users\ayush\OneDrive\Desktop\BSC.IT\4th semester\Web_applications\assignment_code\Aarambha\BLL\SubjectBLL.cs:line 12
   at Aarambha.Pages.Default.BindFeaturedSubjects() in C:\Users\ayush\OneDrive\Desktop\BSC.IT\4th semester\Web_applications\assignment_code\Aarambha\Pages\Default.aspx.cs:line 26
[2026-09-22 05:22:43Z] System.Data.SqlClient.SqlException: Login failed for user 'aarambha_app'.
   at System.Data.SqlClient.SqlInternalConnectionTds..ctor(DbConnectionPoolIdentity identity, SqlConnectionString connectionOptions, SqlCredential credential, Object providerInfo, String newPassword, SecureString newSecurePassword, Boolean redirectedUserInstance, SqlConnectionString userConnectionOptions, SessionData reconnectSessionData, DbConnectionPool pool, String accessToken, Boolean applyTransientFaultHandling, SqlAuthenticationProviderManager sqlAuthProviderManager)
   at System.Data.SqlClient.SqlConnectionFactory.CreateConnection(DbConnectionOptions options, DbConnectionPoolKey poolKey, Object poolGroupProviderInfo, DbConnectionPool pool, DbConnection owningConnection, DbConnectionOptions userOptions)
   at System.Data.ProviderBase.DbConnectionFactory.CreatePooledConnection(DbConnectionPool pool, DbConnection owningObject, DbConnectionOptions options, DbConnectionPoolKey poolKey, DbConnectionOptions userOptions)
   at System.Data.ProviderBase.DbConnectionPool.CreateObject(DbConnection owningObject, DbConnectionOptions userOptions, DbConnectionInternal oldConnection)
   at System.Data.ProviderBase.DbConnectionPool.UserCreateRequest(DbConnection owningObject, DbConnectionOptions userOptions, DbConnectionInternal oldConnection)
   at System.Data.ProviderBase.DbConnectionPool.TryGetConnection(DbConnection owningObject, UInt32 waitForMultipleObjectsTimeout, Boolean allowCreate, Boolean onlyOneCheckConnection, DbConnectionOptions userOptions, DbConnectionInternal& connection)
   at System.Data.ProviderBase.DbConnectionPool.TryGetConnection(DbConnection owningObject, TaskCompletionSource`1 retry, DbConnectionOptions userOptions, DbConnectionInternal& connection)
   at System.Data.ProviderBase.DbConnectionFactory.TryGetConnection(DbConnection owningConnection, TaskCompletionSource`1 retry, DbConnectionOptions userOptions, DbConnectionInternal oldConnection, DbConnectionInternal& connection)
   at System.Data.ProviderBase.DbConnectionInternal.TryOpenConnectionInternal(DbConnection outerConnection, DbConnectionFactory connectionFactory, TaskCompletionSource`1 retry, DbConnectionOptions userOptions)
   at System.Data.SqlClient.SqlConnection.TryOpenInner(TaskCompletionSource`1 retry)
   at System.Data.SqlClient.SqlConnection.TryOpen(TaskCompletionSource`1 retry)
   at System.Data.SqlClient.SqlConnection.Open()
   at Aarambha.Data_Access_Layer.UserDAL.GetByUsername(String username) in C:\Users\ayush\OneDrive\Desktop\BSC.IT\4th semester\Web_applications\assignment_code\Aarambha\Data_Access_Layer\UserDAL.cs:line 57
   at Aarambha.BLL.AuthBLL.Login(String username, String password) in C:\Users\ayush\OneDrive\Desktop\BSC.IT\4th semester\Web_applications\assignment_code\Aarambha\BLL\AuthBLL.cs:line 17
   at Aarambha.Account.Login.btnLogin_Click(Object sender, EventArgs e) in C:\Users\ayush\OneDrive\Desktop\BSC.IT\4th semester\Web_applications\assignment_code\Aarambha\Account\Login.aspx.cs:line 21
[2026-09-22 05:22:59Z] System.Data.SqlClient.SqlException: Login failed for user 'aarambha_app'.
   at System.Data.SqlClient.SqlInternalConnectionTds..ctor(DbConnectionPoolIdentity identity, SqlConnectionString connectionOptions, SqlCredential credential, Object providerInfo, String newPassword, SecureString newSecurePassword, Boolean redirectedUserInstance, SqlConnectionString userConnectionOptions, SessionData reconnectSessionData, DbConnectionPool pool, String accessToken, Boolean applyTransientFaultHandling, SqlAuthenticationProviderManager sqlAuthProviderManager)
   at System.Data.SqlClient.SqlConnectionFactory.CreateConnection(DbConnectionOptions options, DbConnectionPoolKey poolKey, Object poolGroupProviderInfo, DbConnectionPool pool, DbConnection owningConnection, DbConnectionOptions userOptions)
   at System.Data.ProviderBase.DbConnectionFactory.CreatePooledConnection(DbConnectionPool pool, DbConnection owningObject, DbConnectionOptions options, DbConnectionPoolKey poolKey, DbConnectionOptions userOptions)
   at System.Data.ProviderBase.DbConnectionPool.CreateObject(DbConnection owningObject, DbConnectionOptions userOptions, DbConnectionInternal oldConnection)
   at System.Data.ProviderBase.DbConnectionPool.UserCreateRequest(DbConnection owningObject, DbConnectionOptions userOptions, DbConnectionInternal oldConnection)
   at System.Data.ProviderBase.DbConnectionPool.TryGetConnection(DbConnection owningObject, UInt32 waitForMultipleObjectsTimeout, Boolean allowCreate, Boolean onlyOneCheckConnection, DbConnectionOptions userOptions, DbConnectionInternal& connection)
   at System.Data.ProviderBase.DbConnectionPool.TryGetConnection(DbConnection owningObject, TaskCompletionSource`1 retry, DbConnectionOptions userOptions, DbConnectionInternal& connection)
   at System.Data.ProviderBase.DbConnectionFactory.TryGetConnection(DbConnection owningConnection, TaskCompletionSource`1 retry, DbConnectionOptions userOptions, DbConnectionInternal oldConnection, DbConnectionInternal& connection)
   at System.Data.ProviderBase.DbConnectionInternal.TryOpenConnectionInternal(DbConnection outerConnection, DbConnectionFactory connectionFactory, TaskCompletionSource`1 retry, DbConnectionOptions userOptions)
   at System.Data.SqlClient.SqlConnection.TryOpenInner(TaskCompletionSource`1 retry)
   at System.Data.SqlClient.SqlConnection.TryOpen(TaskCompletionSource`1 retry)
   at System.Data.SqlClient.SqlConnection.Open()
   at Aarambha.Data_Access_Layer.UserDAL.GetByUsername(String username) in C:\Users\ayush\OneDrive\Desktop\BSC.IT\4th semester\Web_applications\assignment_code\Aarambha\Data_Access_Layer\UserDAL.cs:line 57
   at Aarambha.BLL.UserBLL.Create(User model) in C:\Users\ayush\OneDrive\Desktop\BSC.IT\4th semester\Web_applications\assignment_code\Aarambha\BLL\UserBLL.cs:line 37
   at Aarambha.Account.Register.btnRegister_Click(Object sender, EventArgs e) in C:\Users\ayush\OneDrive\Desktop\BSC.IT\4th semester\Web_applications\assignment_code\Aarambha\Account\Register.aspx.cs:line 38
[2026-09-22 05:28:01Z] System.Data.SqlClient.SqlException: Login failed for user 'aarambha_app'.
   at System.Data.SqlClient.SqlInternalConnectionTds..ctor(DbConnectionPoolIdentity identity, SqlConnectionString connectionOptions, SqlCredential credential, Object providerInfo, String newPassword, SecureString newSecurePassword, Boolean redirectedUserInstance, SqlConnectionString userConnectionOptions, SessionData reconnectSessionData, DbConnectionPool pool, String accessToken, Boolean applyTransientFaultHandling, SqlAuthenticationProviderManager sqlAuthProviderManager)
   at System.Data.SqlClient.SqlConnectionFactory.CreateConnection(DbConnectionOptions options, DbConnectionPoolKey poolKey, Object poolGroupProviderInfo, DbConnectionPool pool, DbConnection owningConnection, DbConnectionOptions userOptions)
   at System.Data.ProviderBase.DbConnectionFactory.CreatePooledConnection(DbConnectionPool pool, DbConnection owningObject, DbConnectionOptions options, DbConnectionPoolKey poolKey, DbConnectionOptions userOptions)
   at System.Data.ProviderBase.DbConnectionPool.CreateObject(DbConnection owningObject, DbConnectionOptions userOptions, DbConnectionInternal oldConnection)
   at System.Data.ProviderBase.DbConnectionPool.UserCreateRequest(DbConnection owningObject, DbConnectionOptions userOptions, DbConnectionInternal oldConnection)
   at System.Data.ProviderBase.DbConnectionPool.TryGetConnection(DbConnection owningObject, UInt32 waitForMultipleObjectsTimeout, Boolean allowCreate, Boolean onlyOneCheckConnection, DbConnectionOptions userOptions, DbConnectionInternal& connection)
   at System.Data.ProviderBase.DbConnectionPool.TryGetConnection(DbConnection owningObject, TaskCompletionSource`1 retry, DbConnectionOptions userOptions, DbConnectionInternal& connection)
   at System.Data.ProviderBase.DbConnectionFactory.TryGetConnection(DbConnection owningConnection, TaskCompletionSource`1 retry, DbConnectionOptions userOptions, DbConnectionInternal oldConnection, DbConnectionInternal& connection)
   at System.Data.ProviderBase.DbConnectionInternal.TryOpenConnectionInternal(DbConnection outerConnection, DbConnectionFactory connectionFactory, TaskCompletionSource`1 retry, DbConnectionOptions userOptions)
   at System.Data.SqlClient.SqlConnection.TryOpenInner(TaskCompletionSource`1 retry)
   at System.Data.SqlClient.SqlConnection.TryOpen(TaskCompletionSource`1 retry)
   at System.Data.SqlClient.SqlConnection.Open()
   at Aarambha.Data_Access_Layer.SubjectDAL.GetAll() in C:\Users\ayush\OneDrive\Desktop\BSC.IT\4th semester\Web_applications\assignment_code\Aarambha\Data_Access_Layer\SubjectDAL.cs:line 18
   at Aarambha.BLL.SubjectBLL.GetAll() in C:\Users\ayush\OneDrive\Desktop\BSC.IT\4th semester\Web_applications\assignment_code\Aarambha\BLL\SubjectBLL.cs:line 12
   at Aarambha.Pages.Default.BindFeaturedSubjects() in C:\Users\ayush\OneDrive\Desktop\BSC.IT\4th semester\Web_applications\assignment_code\Aarambha\Pages\Default.aspx.cs:line 26
[2026-09-22 05:28:14Z] System.Data.SqlClient.SqlException: Login failed for user 'aarambha_app'.
   at System.Data.SqlClient.SqlInternalConnectionTds..ctor(DbConnectionPoolIdentity identity, SqlConnectionString connectionOptions, SqlCredential credential, Object providerInfo, String newPassword, SecureString newSecurePassword, Boolean redirectedUserInstance, SqlConnectionString userConnectionOptions, SessionData reconnectSessionData, DbConnectionPool pool, String accessToken, Boolean applyTransientFaultHandling, SqlAuthenticationProviderManager sqlAuthProviderManager)
   at System.Data.SqlClient.SqlConnectionFactory.CreateConnection(DbConnectionOptions options, DbConnectionPoolKey poolKey, Object poolGroupProviderInfo, DbConnectionPool pool, DbConnection owningConnection, DbConnectionOptions userOptions)
   at System.Data.ProviderBase.DbConnectionFactory.CreatePooledConnection(DbConnectionPool pool, DbConnection owningObject, DbConnectionOptions options, DbConnectionPoolKey poolKey, DbConnectionOptions userOptions)
   at System.Data.ProviderBase.DbConnectionPool.CreateObject(DbConnection owningObject, DbConnectionOptions userOptions, DbConnectionInternal oldConnection)
   at System.Data.ProviderBase.DbConnectionPool.UserCreateRequest(DbConnection owningObject, DbConnectionOptions userOptions, DbConnectionInternal oldConnection)
   at System.Data.ProviderBase.DbConnectionPool.TryGetConnection(DbConnection owningObject, UInt32 waitForMultipleObjectsTimeout, Boolean allowCreate, Boolean onlyOneCheckConnection, DbConnectionOptions userOptions, DbConnectionInternal& connection)
   at System.Data.ProviderBase.DbConnectionPool.TryGetConnection(DbConnection owningObject, TaskCompletionSource`1 retry, DbConnectionOptions userOptions, DbConnectionInternal& connection)
   at System.Data.ProviderBase.DbConnectionFactory.TryGetConnection(DbConnection owningConnection, TaskCompletionSource`1 retry, DbConnectionOptions userOptions, DbConnectionInternal oldConnection, DbConnectionInternal& connection)
   at System.Data.ProviderBase.DbConnectionInternal.TryOpenConnectionInternal(DbConnection outerConnection, DbConnectionFactory connectionFactory, TaskCompletionSource`1 retry, DbConnectionOptions userOptions)
   at System.Data.SqlClient.SqlConnection.TryOpenInner(TaskCompletionSource`1 retry)
   at System.Data.SqlClient.SqlConnection.TryOpen(TaskCompletionSource`1 retry)
   at System.Data.SqlClient.SqlConnection.Open()
   at Aarambha.Data_Access_Layer.UserDAL.GetByUsername(String username) in C:\Users\ayush\OneDrive\Desktop\BSC.IT\4th semester\Web_applications\assignment_code\Aarambha\Data_Access_Layer\UserDAL.cs:line 57
   at Aarambha.BLL.AuthBLL.Login(String username, String password) in C:\Users\ayush\OneDrive\Desktop\BSC.IT\4th semester\Web_applications\assignment_code\Aarambha\BLL\AuthBLL.cs:line 17
   at Aarambha.Account.Login.btnLogin_Click(Object sender, EventArgs e) in C:\Users\ayush\OneDrive\Desktop\BSC.IT\4th semester\Web_applications\assignment_code\Aarambha\Account\Login.aspx.cs:line 21
[2026-09-22 05:30:54Z] System.Data.SqlClient.SqlException: Login failed for user 'aarambha_app'.
   at System.Data.SqlClient.SqlInternalConnectionTds..ctor(DbConnectionPoolIdentity identity, SqlConnectionString connectionOptions, SqlCredential credential, Object providerInfo, String newPassword, SecureString newSecurePassword, Boolean redirectedUserInstance, SqlConnectionString userConnectionOptions, SessionData reconnectSessionData, DbConnectionPool pool, String accessToken, Boolean applyTransientFaultHandling, SqlAuthenticationProviderManager sqlAuthProviderManager)
   at System.Data.SqlClient.SqlConnectionFactory.CreateConnection(DbConnectionOptions options, DbConnectionPoolKey poolKey, Object poolGroupProviderInfo, DbConnectionPool pool, DbConnection owningConnection, DbConnectionOptions userOptions)
   at System.Data.ProviderBase.DbConnectionFactory.CreatePooledConnection(DbConnectionPool pool, DbConnection owningObject, DbConnectionOptions options, DbConnectionPoolKey poolKey, DbConnectionOptions userOptions)
   at System.Data.ProviderBase.DbConnectionPool.CreateObject(DbConnection owningObject, DbConnectionOptions userOptions, DbConnectionInternal oldConnection)
   at System.Data.ProviderBase.DbConnectionPool.UserCreateRequest(DbConnection owningObject, DbConnectionOptions userOptions, DbConnectionInternal oldConnection)
   at System.Data.ProviderBase.DbConnectionPool.TryGetConnection(DbConnection owningObject, UInt32 waitForMultipleObjectsTimeout, Boolean allowCreate, Boolean onlyOneCheckConnection, DbConnectionOptions userOptions, DbConnectionInternal& connection)
   at System.Data.ProviderBase.DbConnectionPool.TryGetConnection(DbConnection owningObject, TaskCompletionSource`1 retry, DbConnectionOptions userOptions, DbConnectionInternal& connection)
   at System.Data.ProviderBase.DbConnectionFactory.TryGetConnection(DbConnection owningConnection, TaskCompletionSource`1 retry, DbConnectionOptions userOptions, DbConnectionInternal oldConnection, DbConnectionInternal& connection)
   at System.Data.ProviderBase.DbConnectionInternal.TryOpenConnectionInternal(DbConnection outerConnection, DbConnectionFactory connectionFactory, TaskCompletionSource`1 retry, DbConnectionOptions userOptions)
   at System.Data.SqlClient.SqlConnection.TryOpenInner(TaskCompletionSource`1 retry)
   at System.Data.SqlClient.SqlConnection.TryOpen(TaskCompletionSource`1 retry)
   at System.Data.SqlClient.SqlConnection.Open()
   at Aarambha.Data_Access_Layer.UserDAL.GetByUsername(String username) in C:\Users\ayush\OneDrive\Desktop\BSC.IT\4th semester\Web_applications\assignment_code\Aarambha\Data_Access_Layer\UserDAL.cs:line 57
   at Aarambha.BLL.AuthBLL.Login(String username, String password) in C:\Users\ayush\OneDrive\Desktop\BSC.IT\4th semester\Web_applications\assignment_code\Aarambha\BLL\AuthBLL.cs:line 17
   at Aarambha.Account.Login.btnLogin_Click(Object sender, EventArgs e) in C:\Users\ayush\OneDrive\Desktop\BSC.IT\4th semester\Web_applications\assignment_code\Aarambha\Account\Login.aspx.cs:line 21
[2026-09-22 05:31:12Z] System.Data.SqlClient.SqlException: Login failed for user 'aarambha_app'.
   at System.Data.ProviderBase.DbConnectionPool.TryGetConnection(DbConnection owningObject, UInt32 waitForMultipleObjectsTimeout, Boolean allowCreate, Boolean onlyOneCheckConnection, DbConnectionOptions userOptions, DbConnectionInternal& connection)
   at System.Data.ProviderBase.DbConnectionPool.TryGetConnection(DbConnection owningObject, TaskCompletionSource`1 retry, DbConnectionOptions userOptions, DbConnectionInternal& connection)
   at System.Data.ProviderBase.DbConnectionFactory.TryGetConnection(DbConnection owningConnection, TaskCompletionSource`1 retry, DbConnectionOptions userOptions, DbConnectionInternal oldConnection, DbConnectionInternal& connection)
   at System.Data.ProviderBase.DbConnectionInternal.TryOpenConnectionInternal(DbConnection outerConnection, DbConnectionFactory connectionFactory, TaskCompletionSource`1 retry, DbConnectionOptions userOptions)
   at System.Data.SqlClient.SqlConnection.TryOpenInner(TaskCompletionSource`1 retry)
   at System.Data.SqlClient.SqlConnection.TryOpen(TaskCompletionSource`1 retry)
   at System.Data.SqlClient.SqlConnection.Open()
   at Aarambha.Data_Access_Layer.UserDAL.GetByUsername(String username) in C:\Users\ayush\OneDrive\Desktop\BSC.IT\4th semester\Web_applications\assignment_code\Aarambha\Data_Access_Layer\UserDAL.cs:line 57
   at Aarambha.BLL.UserBLL.Create(User model) in C:\Users\ayush\OneDrive\Desktop\BSC.IT\4th semester\Web_applications\assignment_code\Aarambha\BLL\UserBLL.cs:line 37
   at Aarambha.Account.Register.btnRegister_Click(Object sender, EventArgs e) in C:\Users\ayush\OneDrive\Desktop\BSC.IT\4th semester\Web_applications\assignment_code\Aarambha\Account\Register.aspx.cs:line 38
[2026-09-22 05:31:17Z] System.Data.SqlClient.SqlException: Login failed for user 'aarambha_app'.
   at System.Data.SqlClient.SqlInternalConnectionTds..ctor(DbConnectionPoolIdentity identity, SqlConnectionString connectionOptions, SqlCredential credential, Object providerInfo, String newPassword, SecureString newSecurePassword, Boolean redirectedUserInstance, SqlConnectionString userConnectionOptions, SessionData reconnectSessionData, DbConnectionPool pool, String accessToken, Boolean applyTransientFaultHandling, SqlAuthenticationProviderManager sqlAuthProviderManager)
   at System.Data.SqlClient.SqlConnectionFactory.CreateConnection(DbConnectionOptions options, DbConnectionPoolKey poolKey, Object poolGroupProviderInfo, DbConnectionPool pool, DbConnection owningConnection, DbConnectionOptions userOptions)
   at System.Data.ProviderBase.DbConnectionFactory.CreatePooledConnection(DbConnectionPool pool, DbConnection owningObject, DbConnectionOptions options, DbConnectionPoolKey poolKey, DbConnectionOptions userOptions)
   at System.Data.ProviderBase.DbConnectionPool.CreateObject(DbConnection owningObject, DbConnectionOptions userOptions, DbConnectionInternal oldConnection)
   at System.Data.ProviderBase.DbConnectionPool.UserCreateRequest(DbConnection owningObject, DbConnectionOptions userOptions, DbConnectionInternal oldConnection)
   at System.Data.ProviderBase.DbConnectionPool.TryGetConnection(DbConnection owningObject, UInt32 waitForMultipleObjectsTimeout, Boolean allowCreate, Boolean onlyOneCheckConnection, DbConnectionOptions userOptions, DbConnectionInternal& connection)
   at System.Data.ProviderBase.DbConnectionPool.TryGetConnection(DbConnection owningObject, TaskCompletionSource`1 retry, DbConnectionOptions userOptions, DbConnectionInternal& connection)
   at System.Data.ProviderBase.DbConnectionFactory.TryGetConnection(DbConnection owningConnection, TaskCompletionSource`1 retry, DbConnectionOptions userOptions, DbConnectionInternal oldConnection, DbConnectionInternal& connection)
   at System.Data.ProviderBase.DbConnectionInternal.TryOpenConnectionInternal(DbConnection outerConnection, DbConnectionFactory connectionFactory, TaskCompletionSource`1 retry, DbConnectionOptions userOptions)
   at System.Data.SqlClient.SqlConnection.TryOpenInner(TaskCompletionSource`1 retry)
   at System.Data.SqlClient.SqlConnection.TryOpen(TaskCompletionSource`1 retry)
   at System.Data.SqlClient.SqlConnection.Open()
   at Aarambha.Data_Access_Layer.SubjectDAL.GetAll() in C:\Users\ayush\OneDrive\Desktop\BSC.IT\4th semester\Web_applications\assignment_code\Aarambha\Data_Access_Layer\SubjectDAL.cs:line 18
   at Aarambha.BLL.SubjectBLL.GetAll() in C:\Users\ayush\OneDrive\Desktop\BSC.IT\4th semester\Web_applications\assignment_code\Aarambha\BLL\SubjectBLL.cs:line 12
   at Aarambha.Pages.Default.BindFeaturedSubjects() in C:\Users\ayush\OneDrive\Desktop\BSC.IT\4th semester\Web_applications\assignment_code\Aarambha\Pages\Default.aspx.cs:line 26
[2026-09-22 06:08:42Z] System.Data.SqlClient.SqlException: Login failed for user 'aarambha_app'.
   at System.Data.SqlClient.SqlInternalConnectionTds..ctor(DbConnectionPoolIdentity identity, SqlConnectionString connectionOptions, SqlCredential credential, Object providerInfo, String newPassword, SecureString newSecurePassword, Boolean redirectedUserInstance, SqlConnectionString userConnectionOptions, SessionData reconnectSessionData, DbConnectionPool pool, String accessToken, Boolean applyTransientFaultHandling, SqlAuthenticationProviderManager sqlAuthProviderManager)
   at System.Data.SqlClient.SqlConnectionFactory.CreateConnection(DbConnectionOptions options, DbConnectionPoolKey poolKey, Object poolGroupProviderInfo, DbConnectionPool pool, DbConnection owningConnection, DbConnectionOptions userOptions)
   at System.Data.ProviderBase.DbConnectionFactory.CreatePooledConnection(DbConnectionPool pool, DbConnection owningObject, DbConnectionOptions options, DbConnectionPoolKey poolKey, DbConnectionOptions userOptions)
   at System.Data.ProviderBase.DbConnectionPool.CreateObject(DbConnection owningObject, DbConnectionOptions userOptions, DbConnectionInternal oldConnection)
   at System.Data.ProviderBase.DbConnectionPool.UserCreateRequest(DbConnection owningObject, DbConnectionOptions userOptions, DbConnectionInternal oldConnection)
   at System.Data.ProviderBase.DbConnectionPool.TryGetConnection(DbConnection owningObject, UInt32 waitForMultipleObjectsTimeout, Boolean allowCreate, Boolean onlyOneCheckConnection, DbConnectionOptions userOptions, DbConnectionInternal& connection)
   at System.Data.ProviderBase.DbConnectionPool.TryGetConnection(DbConnection owningObject, TaskCompletionSource`1 retry, DbConnectionOptions userOptions, DbConnectionInternal& connection)
   at System.Data.ProviderBase.DbConnectionFactory.TryGetConnection(DbConnection owningConnection, TaskCompletionSource`1 retry, DbConnectionOptions userOptions, DbConnectionInternal oldConnection, DbConnectionInternal& connection)
   at System.Data.ProviderBase.DbConnectionInternal.TryOpenConnectionInternal(DbConnection outerConnection, DbConnectionFactory connectionFactory, TaskCompletionSource`1 retry, DbConnectionOptions userOptions)
   at System.Data.SqlClient.SqlConnection.TryOpenInner(TaskCompletionSource`1 retry)
   at System.Data.SqlClient.SqlConnection.TryOpen(TaskCompletionSource`1 retry)
   at System.Data.SqlClient.SqlConnection.Open()
   at Aarambha.Data_Access_Layer.SubjectDAL.GetAll() in C:\Users\ayush\OneDrive\Desktop\BSC.IT\4th semester\Web_applications\assignment_code\Aarambha\Data_Access_Layer\SubjectDAL.cs:line 18
   at Aarambha.BLL.SubjectBLL.GetAll() in C:\Users\ayush\OneDrive\Desktop\BSC.IT\4th semester\Web_applications\assignment_code\Aarambha\BLL\SubjectBLL.cs:line 12
   at Aarambha.Pages.Default.BindFeaturedSubjects() in C:\Users\ayush\OneDrive\Desktop\BSC.IT\4th semester\Web_applications\assignment_code\Aarambha\Pages\Default.aspx.cs:line 26
[2026-09-22 06:10:16Z] System.Data.SqlClient.SqlException: Login failed for user 'aarambha_app'.
   at System.Data.SqlClient.SqlInternalConnectionTds..ctor(DbConnectionPoolIdentity identity, SqlConnectionString connectionOptions, SqlCredential credential, Object providerInfo, String newPassword, SecureString newSecurePassword, Boolean redirectedUserInstance, SqlConnectionString userConnectionOptions, SessionData reconnectSessionData, DbConnectionPool pool, String accessToken, Boolean applyTransientFaultHandling, SqlAuthenticationProviderManager sqlAuthProviderManager)
   at System.Data.SqlClient.SqlConnectionFactory.CreateConnection(DbConnectionOptions options, DbConnectionPoolKey poolKey, Object poolGroupProviderInfo, DbConnectionPool pool, DbConnection owningConnection, DbConnectionOptions userOptions)
   at System.Data.ProviderBase.DbConnectionFactory.CreatePooledConnection(DbConnectionPool pool, DbConnection owningObject, DbConnectionOptions options, DbConnectionPoolKey poolKey, DbConnectionOptions userOptions)
   at System.Data.ProviderBase.DbConnectionPool.CreateObject(DbConnection owningObject, DbConnectionOptions userOptions, DbConnectionInternal oldConnection)
   at System.Data.ProviderBase.DbConnectionPool.UserCreateRequest(DbConnection owningObject, DbConnectionOptions userOptions, DbConnectionInternal oldConnection)
   at System.Data.ProviderBase.DbConnectionPool.TryGetConnection(DbConnection owningObject, UInt32 waitForMultipleObjectsTimeout, Boolean allowCreate, Boolean onlyOneCheckConnection, DbConnectionOptions userOptions, DbConnectionInternal& connection)
   at System.Data.ProviderBase.DbConnectionPool.TryGetConnection(DbConnection owningObject, TaskCompletionSource`1 retry, DbConnectionOptions userOptions, DbConnectionInternal& connection)
   at System.Data.ProviderBase.DbConnectionFactory.TryGetConnection(DbConnection owningConnection, TaskCompletionSource`1 retry, DbConnectionOptions userOptions, DbConnectionInternal oldConnection, DbConnectionInternal& connection)
   at System.Data.ProviderBase.DbConnectionInternal.TryOpenConnectionInternal(DbConnection outerConnection, DbConnectionFactory connectionFactory, TaskCompletionSource`1 retry, DbConnectionOptions userOptions)
   at System.Data.SqlClient.SqlConnection.TryOpenInner(TaskCompletionSource`1 retry)
   at System.Data.SqlClient.SqlConnection.TryOpen(TaskCompletionSource`1 retry)
   at System.Data.SqlClient.SqlConnection.Open()
   at Aarambha.Data_Access_Layer.SubjectDAL.GetAll() in C:\Users\ayush\OneDrive\Desktop\BSC.IT\4th semester\Web_applications\assignment_code\Aarambha\Data_Access_Layer\SubjectDAL.cs:line 18
   at Aarambha.BLL.SubjectBLL.GetAll() in C:\Users\ayush\OneDrive\Desktop\BSC.IT\4th semester\Web_applications\assignment_code\Aarambha\BLL\SubjectBLL.cs:line 12
   at Aarambha.Pages.Subjects.BindSubjects(String keyword) in C:\Users\ayush\OneDrive\Desktop\BSC.IT\4th semester\Web_applications\assignment_code\Aarambha\Pages\Subjects.aspx.cs:line 30
[2026-09-22 06:10:24Z] System.Data.SqlClient.SqlException: Login failed for user 'aarambha_app'.
   at System.Data.ProviderBase.DbConnectionPool.TryGetConnection(DbConnection owningObject, UInt32 waitForMultipleObjectsTimeout, Boolean allowCreate, Boolean onlyOneCheckConnection, DbConnectionOptions userOptions, DbConnectionInternal& connection)
   at System.Data.ProviderBase.DbConnectionPool.TryGetConnection(DbConnection owningObject, TaskCompletionSource`1 retry, DbConnectionOptions userOptions, DbConnectionInternal& connection)
   at System.Data.ProviderBase.DbConnectionFactory.TryGetConnection(DbConnection owningConnection, TaskCompletionSource`1 retry, DbConnectionOptions userOptions, DbConnectionInternal oldConnection, DbConnectionInternal& connection)
   at System.Data.ProviderBase.DbConnectionInternal.TryOpenConnectionInternal(DbConnection outerConnection, DbConnectionFactory connectionFactory, TaskCompletionSource`1 retry, DbConnectionOptions userOptions)
   at System.Data.SqlClient.SqlConnection.TryOpenInner(TaskCompletionSource`1 retry)
   at System.Data.SqlClient.SqlConnection.TryOpen(TaskCompletionSource`1 retry)
   at System.Data.SqlClient.SqlConnection.Open()
   at Aarambha.Data_Access_Layer.SubjectDAL.GetAll() in C:\Users\ayush\OneDrive\Desktop\BSC.IT\4th semester\Web_applications\assignment_code\Aarambha\Data_Access_Layer\SubjectDAL.cs:line 18
   at Aarambha.BLL.SubjectBLL.GetAll() in C:\Users\ayush\OneDrive\Desktop\BSC.IT\4th semester\Web_applications\assignment_code\Aarambha\BLL\SubjectBLL.cs:line 12
   at Aarambha.Pages.Default.BindFeaturedSubjects() in C:\Users\ayush\OneDrive\Desktop\BSC.IT\4th semester\Web_applications\assignment_code\Aarambha\Pages\Default.aspx.cs:line 26
[2026-09-22 06:10:26Z] System.Data.SqlClient.SqlException: Login failed for user 'aarambha_app'.
   at System.Data.SqlClient.SqlInternalConnectionTds..ctor(DbConnectionPoolIdentity identity, SqlConnectionString connectionOptions, SqlCredential credential, Object providerInfo, String newPassword, SecureString newSecurePassword, Boolean redirectedUserInstance, SqlConnectionString userConnectionOptions, SessionData reconnectSessionData, DbConnectionPool pool, String accessToken, Boolean applyTransientFaultHandling, SqlAuthenticationProviderManager sqlAuthProviderManager)
   at System.Data.SqlClient.SqlConnectionFactory.CreateConnection(DbConnectionOptions options, DbConnectionPoolKey poolKey, Object poolGroupProviderInfo, DbConnectionPool pool, DbConnection owningConnection, DbConnectionOptions userOptions)
   at System.Data.ProviderBase.DbConnectionFactory.CreatePooledConnection(DbConnectionPool pool, DbConnection owningObject, DbConnectionOptions options, DbConnectionPoolKey poolKey, DbConnectionOptions userOptions)
   at System.Data.ProviderBase.DbConnectionPool.CreateObject(DbConnection owningObject, DbConnectionOptions userOptions, DbConnectionInternal oldConnection)
   at System.Data.ProviderBase.DbConnectionPool.UserCreateRequest(DbConnection owningObject, DbConnectionOptions userOptions, DbConnectionInternal oldConnection)
   at System.Data.ProviderBase.DbConnectionPool.TryGetConnection(DbConnection owningObject, UInt32 waitForMultipleObjectsTimeout, Boolean allowCreate, Boolean onlyOneCheckConnection, DbConnectionOptions userOptions, DbConnectionInternal& connection)
   at System.Data.ProviderBase.DbConnectionPool.TryGetConnection(DbConnection owningObject, TaskCompletionSource`1 retry, DbConnectionOptions userOptions, DbConnectionInternal& connection)
   at System.Data.ProviderBase.DbConnectionFactory.TryGetConnection(DbConnection owningConnection, TaskCompletionSource`1 retry, DbConnectionOptions userOptions, DbConnectionInternal oldConnection, DbConnectionInternal& connection)
   at System.Data.ProviderBase.DbConnectionInternal.TryOpenConnectionInternal(DbConnection outerConnection, DbConnectionFactory connectionFactory, TaskCompletionSource`1 retry, DbConnectionOptions userOptions)
   at System.Data.SqlClient.SqlConnection.TryOpenInner(TaskCompletionSource`1 retry)
   at System.Data.SqlClient.SqlConnection.TryOpen(TaskCompletionSource`1 retry)
   at System.Data.SqlClient.SqlConnection.Open()
   at Aarambha.Data_Access_Layer.SubjectDAL.GetAll() in C:\Users\ayush\OneDrive\Desktop\BSC.IT\4th semester\Web_applications\assignment_code\Aarambha\Data_Access_Layer\SubjectDAL.cs:line 18
   at Aarambha.BLL.SubjectBLL.GetAll() in C:\Users\ayush\OneDrive\Desktop\BSC.IT\4th semester\Web_applications\assignment_code\Aarambha\BLL\SubjectBLL.cs:line 12
   at Aarambha.Pages.Subjects.BindSubjects(String keyword) in C:\Users\ayush\OneDrive\Desktop\BSC.IT\4th semester\Web_applications\assignment_code\Aarambha\Pages\Subjects.aspx.cs:line 30
[2026-09-22 06:10:28Z] System.Data.SqlClient.SqlException: Login failed for user 'aarambha_app'.
   at System.Data.ProviderBase.DbConnectionPool.TryGetConnection(DbConnection owningObject, UInt32 waitForMultipleObjectsTimeout, Boolean allowCreate, Boolean onlyOneCheckConnection, DbConnectionOptions userOptions, DbConnectionInternal& connection)
   at System.Data.ProviderBase.DbConnectionPool.TryGetConnection(DbConnection owningObject, TaskCompletionSource`1 retry, DbConnectionOptions userOptions, DbConnectionInternal& connection)
   at System.Data.ProviderBase.DbConnectionFactory.TryGetConnection(DbConnection owningConnection, TaskCompletionSource`1 retry, DbConnectionOptions userOptions, DbConnectionInternal oldConnection, DbConnectionInternal& connection)
   at System.Data.ProviderBase.DbConnectionInternal.TryOpenConnectionInternal(DbConnection outerConnection, DbConnectionFactory connectionFactory, TaskCompletionSource`1 retry, DbConnectionOptions userOptions)
   at System.Data.SqlClient.SqlConnection.TryOpenInner(TaskCompletionSource`1 retry)
   at System.Data.SqlClient.SqlConnection.TryOpen(TaskCompletionSource`1 retry)
   at System.Data.SqlClient.SqlConnection.Open()
   at Aarambha.Data_Access_Layer.SubjectDAL.GetAll() in C:\Users\ayush\OneDrive\Desktop\BSC.IT\4th semester\Web_applications\assignment_code\Aarambha\Data_Access_Layer\SubjectDAL.cs:line 18
   at Aarambha.BLL.SubjectBLL.GetAll() in C:\Users\ayush\OneDrive\Desktop\BSC.IT\4th semester\Web_applications\assignment_code\Aarambha\BLL\SubjectBLL.cs:line 12
   at Aarambha.Pages.Subjects.BindSubjects(String keyword) in C:\Users\ayush\OneDrive\Desktop\BSC.IT\4th semester\Web_applications\assignment_code\Aarambha\Pages\Subjects.aspx.cs:line 30
[2026-09-22 06:10:29Z] System.Data.SqlClient.SqlException: Login failed for user 'aarambha_app'.
   at System.Data.ProviderBase.DbConnectionPool.TryGetConnection(DbConnection owningObject, UInt32 waitForMultipleObjectsTimeout, Boolean allowCreate, Boolean onlyOneCheckConnection, DbConnectionOptions userOptions, DbConnectionInternal& connection)
   at System.Data.ProviderBase.DbConnectionPool.TryGetConnection(DbConnection owningObject, TaskCompletionSource`1 retry, DbConnectionOptions userOptions, DbConnectionInternal& connection)
   at System.Data.ProviderBase.DbConnectionFactory.TryGetConnection(DbConnection owningConnection, TaskCompletionSource`1 retry, DbConnectionOptions userOptions, DbConnectionInternal oldConnection, DbConnectionInternal& connection)
   at System.Data.ProviderBase.DbConnectionInternal.TryOpenConnectionInternal(DbConnection outerConnection, DbConnectionFactory connectionFactory, TaskCompletionSource`1 retry, DbConnectionOptions userOptions)
   at System.Data.SqlClient.SqlConnection.TryOpenInner(TaskCompletionSource`1 retry)
   at System.Data.SqlClient.SqlConnection.TryOpen(TaskCompletionSource`1 retry)
   at System.Data.SqlClient.SqlConnection.Open()
   at Aarambha.Data_Access_Layer.SubjectDAL.GetAll() in C:\Users\ayush\OneDrive\Desktop\BSC.IT\4th semester\Web_applications\assignment_code\Aarambha\Data_Access_Layer\SubjectDAL.cs:line 18
   at Aarambha.BLL.SubjectBLL.GetAll() in C:\Users\ayush\OneDrive\Desktop\BSC.IT\4th semester\Web_applications\assignment_code\Aarambha\BLL\SubjectBLL.cs:line 12
   at Aarambha.Pages.Default.BindFeaturedSubjects() in C:\Users\ayush\OneDrive\Desktop\BSC.IT\4th semester\Web_applications\assignment_code\Aarambha\Pages\Default.aspx.cs:line 26
[2026-09-23 05:46:43Z] System.Data.SqlClient.SqlException: Login failed for user 'aarambha_app'.
   at System.Data.SqlClient.SqlInternalConnectionTds..ctor(DbConnectionPoolIdentity identity, SqlConnectionString connectionOptions, SqlCredential credential, Object providerInfo, String newPassword, SecureString newSecurePassword, Boolean redirectedUserInstance, SqlConnectionString userConnectionOptions, SessionData reconnectSessionData, DbConnectionPool pool, String accessToken, Boolean applyTransientFaultHandling, SqlAuthenticationProviderManager sqlAuthProviderManager)
   at System.Data.SqlClient.SqlConnectionFactory.CreateConnection(DbConnectionOptions options, DbConnectionPoolKey poolKey, Object poolGroupProviderInfo, DbConnectionPool pool, DbConnection owningConnection, DbConnectionOptions userOptions)
   at System.Data.ProviderBase.DbConnectionFactory.CreatePooledConnection(DbConnectionPool pool, DbConnection owningObject, DbConnectionOptions options, DbConnectionPoolKey poolKey, DbConnectionOptions userOptions)
   at System.Data.ProviderBase.DbConnectionPool.CreateObject(DbConnection owningObject, DbConnectionOptions userOptions, DbConnectionInternal oldConnection)
   at System.Data.ProviderBase.DbConnectionPool.UserCreateRequest(DbConnection owningObject, DbConnectionOptions userOptions, DbConnectionInternal oldConnection)
   at System.Data.ProviderBase.DbConnectionPool.TryGetConnection(DbConnection owningObject, UInt32 waitForMultipleObjectsTimeout, Boolean allowCreate, Boolean onlyOneCheckConnection, DbConnectionOptions userOptions, DbConnectionInternal& connection)
   at System.Data.ProviderBase.DbConnectionPool.TryGetConnection(DbConnection owningObject, TaskCompletionSource`1 retry, DbConnectionOptions userOptions, DbConnectionInternal& connection)
   at System.Data.ProviderBase.DbConnectionFactory.TryGetConnection(DbConnection owningConnection, TaskCompletionSource`1 retry, DbConnectionOptions userOptions, DbConnectionInternal oldConnection, DbConnectionInternal& connection)
   at System.Data.ProviderBase.DbConnectionInternal.TryOpenConnectionInternal(DbConnection outerConnection, DbConnectionFactory connectionFactory, TaskCompletionSource`1 retry, DbConnectionOptions userOptions)
   at System.Data.SqlClient.SqlConnection.TryOpenInner(TaskCompletionSource`1 retry)
   at System.Data.SqlClient.SqlConnection.TryOpen(TaskCompletionSource`1 retry)
   at System.Data.SqlClient.SqlConnection.Open()
   at Aarambha.Data_Access_Layer.SubjectDAL.GetAll() in C:\Users\ayush\OneDrive\Desktop\BSC.IT\4th semester\Web_applications\assignment_code\Aarambha\Data_Access_Layer\SubjectDAL.cs:line 18
   at Aarambha.BLL.SubjectBLL.GetAll() in C:\Users\ayush\OneDrive\Desktop\BSC.IT\4th semester\Web_applications\assignment_code\Aarambha\BLL\SubjectBLL.cs:line 12
   at Aarambha.Pages.Default.BindFeaturedSubjects() in C:\Users\ayush\OneDrive\Desktop\BSC.IT\4th semester\Web_applications\assignment_code\Aarambha\Pages\Default.aspx.cs:line 26
[2026-09-23 05:47:01Z] System.Data.SqlClient.SqlException: Login failed for user 'aarambha_app'.
   at System.Data.SqlClient.SqlInternalConnectionTds..ctor(DbConnectionPoolIdentity identity, SqlConnectionString connectionOptions, SqlCredential credential, Object providerInfo, String newPassword, SecureString newSecurePassword, Boolean redirectedUserInstance, SqlConnectionString userConnectionOptions, SessionData reconnectSessionData, DbConnectionPool pool, String accessToken, Boolean applyTransientFaultHandling, SqlAuthenticationProviderManager sqlAuthProviderManager)
   at System.Data.SqlClient.SqlConnectionFactory.CreateConnection(DbConnectionOptions options, DbConnectionPoolKey poolKey, Object poolGroupProviderInfo, DbConnectionPool pool, DbConnection owningConnection, DbConnectionOptions userOptions)
   at System.Data.ProviderBase.DbConnectionFactory.CreatePooledConnection(DbConnectionPool pool, DbConnection owningObject, DbConnectionOptions options, DbConnectionPoolKey poolKey, DbConnectionOptions userOptions)
   at System.Data.ProviderBase.DbConnectionPool.CreateObject(DbConnection owningObject, DbConnectionOptions userOptions, DbConnectionInternal oldConnection)
   at System.Data.ProviderBase.DbConnectionPool.UserCreateRequest(DbConnection owningObject, DbConnectionOptions userOptions, DbConnectionInternal oldConnection)
   at System.Data.ProviderBase.DbConnectionPool.TryGetConnection(DbConnection owningObject, UInt32 waitForMultipleObjectsTimeout, Boolean allowCreate, Boolean onlyOneCheckConnection, DbConnectionOptions userOptions, DbConnectionInternal& connection)
   at System.Data.ProviderBase.DbConnectionPool.TryGetConnection(DbConnection owningObject, TaskCompletionSource`1 retry, DbConnectionOptions userOptions, DbConnectionInternal& connection)
   at System.Data.ProviderBase.DbConnectionFactory.TryGetConnection(DbConnection owningConnection, TaskCompletionSource`1 retry, DbConnectionOptions userOptions, DbConnectionInternal oldConnection, DbConnectionInternal& connection)
   at System.Data.ProviderBase.DbConnectionInternal.TryOpenConnectionInternal(DbConnection outerConnection, DbConnectionFactory connectionFactory, TaskCompletionSource`1 retry, DbConnectionOptions userOptions)
   at System.Data.SqlClient.SqlConnection.TryOpenInner(TaskCompletionSource`1 retry)
   at System.Data.SqlClient.SqlConnection.TryOpen(TaskCompletionSource`1 retry)
   at System.Data.SqlClient.SqlConnection.Open()
   at Aarambha.Data_Access_Layer.SubjectDAL.GetAll() in C:\Users\ayush\OneDrive\Desktop\BSC.IT\4th semester\Web_applications\assignment_code\Aarambha\Data_Access_Layer\SubjectDAL.cs:line 18
   at Aarambha.BLL.SubjectBLL.GetAll() in C:\Users\ayush\OneDrive\Desktop\BSC.IT\4th semester\Web_applications\assignment_code\Aarambha\BLL\SubjectBLL.cs:line 12
   at Aarambha.Pages.Subjects.BindSubjects(String keyword) in C:\Users\ayush\OneDrive\Desktop\BSC.IT\4th semester\Web_applications\assignment_code\Aarambha\Pages\Subjects.aspx.cs:line 30
[2026-09-23 05:47:05Z] System.Data.SqlClient.SqlException: Login failed for user 'aarambha_app'.
   at System.Data.ProviderBase.DbConnectionPool.TryGetConnection(DbConnection owningObject, UInt32 waitForMultipleObjectsTimeout, Boolean allowCreate, Boolean onlyOneCheckConnection, DbConnectionOptions userOptions, DbConnectionInternal& connection)
   at System.Data.ProviderBase.DbConnectionPool.TryGetConnection(DbConnection owningObject, TaskCompletionSource`1 retry, DbConnectionOptions userOptions, DbConnectionInternal& connection)
   at System.Data.ProviderBase.DbConnectionFactory.TryGetConnection(DbConnection owningConnection, TaskCompletionSource`1 retry, DbConnectionOptions userOptions, DbConnectionInternal oldConnection, DbConnectionInternal& connection)
   at System.Data.ProviderBase.DbConnectionInternal.TryOpenConnectionInternal(DbConnection outerConnection, DbConnectionFactory connectionFactory, TaskCompletionSource`1 retry, DbConnectionOptions userOptions)
   at System.Data.SqlClient.SqlConnection.TryOpenInner(TaskCompletionSource`1 retry)
   at System.Data.SqlClient.SqlConnection.TryOpen(TaskCompletionSource`1 retry)
   at System.Data.SqlClient.SqlConnection.Open()
   at Aarambha.Data_Access_Layer.SubjectDAL.GetAll() in C:\Users\ayush\OneDrive\Desktop\BSC.IT\4th semester\Web_applications\assignment_code\Aarambha\Data_Access_Layer\SubjectDAL.cs:line 18
   at Aarambha.BLL.SubjectBLL.GetAll() in C:\Users\ayush\OneDrive\Desktop\BSC.IT\4th semester\Web_applications\assignment_code\Aarambha\BLL\SubjectBLL.cs:line 12
   at Aarambha.Pages.Subjects.BindSubjects(String keyword) in C:\Users\ayush\OneDrive\Desktop\BSC.IT\4th semester\Web_applications\assignment_code\Aarambha\Pages\Subjects.aspx.cs:line 30
[2026-09-25 03:55:57Z] System.Threading.ThreadAbortException: Thread was being aborted.
   at System.Threading.Thread.AbortInternal()
   at System.Threading.Thread.Abort(Object stateInfo)
   at System.Web.HttpResponse.AbortCurrentThread()
   at System.Web.HttpResponse.Redirect(String url, Boolean endResponse, Boolean permanent)
   at Aarambha.Account.Login.btnLogin_Click(Object sender, EventArgs e) in C:\Users\ACER\Downloads\Aarambha_NewUI\Aarambha\Account\Login.aspx.cs:line 27
[2026-09-25 04:15:17Z] System.Threading.ThreadAbortException: Thread was being aborted.
   at System.Threading.Thread.AbortInternal()
   at System.Threading.Thread.Abort(Object stateInfo)
   at System.Web.HttpResponse.AbortCurrentThread()
   at System.Web.HttpResponse.Redirect(String url, Boolean endResponse, Boolean permanent)
   at Aarambha.Account.Login.btnLogin_Click(Object sender, EventArgs e) in C:\Users\ACER\Downloads\Aarambha_NewUI\Aarambha\Account\Login.aspx.cs:line 27
[2026-09-25 04:20:25Z] System.Threading.ThreadAbortException: Thread was being aborted.
   at System.Threading.Thread.AbortInternal()
   at System.Threading.Thread.Abort(Object stateInfo)
   at System.Web.HttpResponse.AbortCurrentThread()
   at System.Web.HttpResponse.Redirect(String url, Boolean endResponse, Boolean permanent)
   at Aarambha.Account.Login.btnLogin_Click(Object sender, EventArgs e) in C:\Users\ACER\Downloads\Aarambha_NewUI\Aarambha\Account\Login.aspx.cs:line 27
[2026-09-25 04:36:09Z] System.Threading.ThreadAbortException: Thread was being aborted.
   at System.Threading.Thread.AbortInternal()
   at System.Threading.Thread.Abort(Object stateInfo)
   at System.Web.HttpResponse.AbortCurrentThread()
   at System.Web.HttpResponse.Redirect(String url, Boolean endResponse, Boolean permanent)
   at Aarambha.Account.Login.btnLogin_Click(Object sender, EventArgs e) in C:\Users\ACER\Downloads\Aarambha_NewUI\Aarambha\Account\Login.aspx.cs:line 27
[2026-09-25 04:38:23Z] System.Threading.ThreadAbortException: Thread was being aborted.
   at System.Threading.Thread.AbortInternal()
   at System.Threading.Thread.Abort(Object stateInfo)
   at System.Web.HttpResponse.AbortCurrentThread()
   at System.Web.HttpResponse.Redirect(String url, Boolean endResponse, Boolean permanent)
   at Aarambha.Account.Login.btnLogin_Click(Object sender, EventArgs e) in C:\Users\ACER\Downloads\Aarambha_NewUI\Aarambha\Account\Login.aspx.cs:line 27
[2026-09-25 05:00:51Z] System.Threading.ThreadAbortException: Thread was being aborted.
   at System.Threading.Thread.AbortInternal()
   at System.Threading.Thread.Abort(Object stateInfo)
   at System.Web.HttpResponse.AbortCurrentThread()
   at System.Web.HttpResponse.Redirect(String url, Boolean endResponse, Boolean permanent)
   at Aarambha.Account.Login.btnLogin_Click(Object sender, EventArgs e) in C:\Users\ACER\Downloads\Aarambha_NewUI\Aarambha\Account\Login.aspx.cs:line 27
[2026-09-25 05:09:03Z] System.Threading.ThreadAbortException: Thread was being aborted.
   at System.Threading.Thread.AbortInternal()
   at System.Threading.Thread.Abort(Object stateInfo)
   at System.Web.HttpResponse.AbortCurrentThread()
   at System.Web.HttpResponse.Redirect(String url, Boolean endResponse, Boolean permanent)
   at Aarambha.Account.Login.btnLogin_Click(Object sender, EventArgs e) in C:\Users\ACER\Downloads\Aarambha_NewUI\Aarambha\Account\Login.aspx.cs:line 27
[2026-09-25 05:11:10Z] System.Threading.ThreadAbortException: Thread was being aborted.
   at System.Threading.Thread.AbortInternal()
   at System.Threading.Thread.Abort(Object stateInfo)
   at System.Web.HttpResponse.AbortCurrentThread()
   at System.Web.HttpResponse.Redirect(String url, Boolean endResponse, Boolean permanent)
   at Aarambha.Account.Login.btnLogin_Click(Object sender, EventArgs e) in C:\Users\ACER\Downloads\Aarambha_NewUI\Aarambha\Account\Login.aspx.cs:line 27
[2026-09-25 05:15:20Z] System.Threading.ThreadAbortException: Thread was being aborted.
   at System.Threading.Thread.AbortInternal()
   at System.Threading.Thread.Abort(Object stateInfo)
   at System.Web.HttpResponse.AbortCurrentThread()
   at System.Web.HttpResponse.Redirect(String url, Boolean endResponse, Boolean permanent)
   at Aarambha.Account.Login.btnLogin_Click(Object sender, EventArgs e) in C:\Users\ACER\Downloads\Aarambha_NewUI\Aarambha\Account\Login.aspx.cs:line 27
[2026-09-25 05:18:31Z] System.Threading.ThreadAbortException: Thread was being aborted.
   at System.Threading.Thread.AbortInternal()
   at System.Threading.Thread.Abort(Object stateInfo)
   at System.Web.HttpResponse.AbortCurrentThread()
   at System.Web.HttpResponse.Redirect(String url, Boolean endResponse, Boolean permanent)
   at Aarambha.Account.Login.btnLogin_Click(Object sender, EventArgs e) in C:\Users\ACER\Downloads\Aarambha_NewUI\Aarambha\Account\Login.aspx.cs:line 27
[2026-09-25 05:19:40Z] System.Threading.ThreadAbortException: Thread was being aborted.
   at System.Threading.Thread.AbortInternal()
   at System.Threading.Thread.Abort(Object stateInfo)
   at System.Web.HttpResponse.AbortCurrentThread()
   at System.Web.HttpResponse.Redirect(String url, Boolean endResponse, Boolean permanent)
   at Aarambha.Account.Login.btnLogin_Click(Object sender, EventArgs e) in C:\Users\ACER\Downloads\Aarambha_NewUI\Aarambha\Account\Login.aspx.cs:line 27
[2026-09-25 05:21:46Z] System.Threading.ThreadAbortException: Thread was being aborted.
   at System.Threading.Thread.AbortInternal()
   at System.Threading.Thread.Abort(Object stateInfo)
   at System.Web.HttpResponse.AbortCurrentThread()
   at System.Web.HttpResponse.Redirect(String url, Boolean endResponse, Boolean permanent)
   at Aarambha.Account.Login.btnLogin_Click(Object sender, EventArgs e) in C:\Users\ACER\Downloads\Aarambha_NewUI\Aarambha\Account\Login.aspx.cs:line 27
[2026-09-25 05:24:32Z] System.Threading.ThreadAbortException: Thread was being aborted.
   at System.Threading.Thread.AbortInternal()
   at System.Threading.Thread.Abort(Object stateInfo)
   at System.Web.HttpResponse.AbortCurrentThread()
   at System.Web.HttpResponse.Redirect(String url, Boolean endResponse, Boolean permanent)
   at Aarambha.Account.Login.btnLogin_Click(Object sender, EventArgs e) in C:\Users\ACER\Downloads\Aarambha_NewUI\Aarambha\Account\Login.aspx.cs:line 27
[2026-09-25 05:27:09Z] System.Threading.ThreadAbortException: Thread was being aborted.
   at System.Threading.Thread.AbortInternal()
   at System.Threading.Thread.Abort(Object stateInfo)
   at System.Web.HttpResponse.AbortCurrentThread()
   at System.Web.HttpResponse.Redirect(String url, Boolean endResponse, Boolean permanent)
   at Aarambha.Account.Login.btnLogin_Click(Object sender, EventArgs e) in C:\Users\ACER\Downloads\Aarambha_NewUI\Aarambha\Account\Login.aspx.cs:line 27
[2026-09-25 05:29:01Z] System.Threading.ThreadAbortException: Thread was being aborted.
   at System.Threading.Thread.AbortInternal()
   at System.Threading.Thread.Abort(Object stateInfo)
   at System.Web.HttpResponse.AbortCurrentThread()
   at System.Web.HttpResponse.Redirect(String url, Boolean endResponse, Boolean permanent)
   at Aarambha.Account.Login.btnLogin_Click(Object sender, EventArgs e) in C:\Users\ACER\Downloads\Aarambha_NewUI\Aarambha\Account\Login.aspx.cs:line 27
[2026-09-25 05:53:37Z] System.Threading.ThreadAbortException: Thread was being aborted.
   at System.Threading.Thread.AbortInternal()
   at System.Threading.Thread.Abort(Object stateInfo)
   at System.Web.HttpResponse.AbortCurrentThread()
   at System.Web.HttpResponse.Redirect(String url, Boolean endResponse, Boolean permanent)
   at Aarambha.Account.Login.btnLogin_Click(Object sender, EventArgs e) in C:\Users\ACER\Downloads\Aarambha_NewUI\Aarambha\Account\Login.aspx.cs:line 27
[2026-09-25 05:54:03Z] System.Threading.ThreadAbortException: Thread was being aborted.
   at System.Threading.Thread.AbortInternal()
   at System.Threading.Thread.Abort(Object stateInfo)
   at System.Web.HttpResponse.AbortCurrentThread()
   at System.Web.HttpResponse.Redirect(String url, Boolean endResponse, Boolean permanent)
   at Aarambha.Account.Login.btnLogin_Click(Object sender, EventArgs e) in C:\Users\ACER\Downloads\Aarambha_NewUI\Aarambha\Account\Login.aspx.cs:line 27
[2026-09-25 05:56:56Z] System.Threading.ThreadAbortException: Thread was being aborted.
   at System.Threading.Thread.AbortInternal()
   at System.Threading.Thread.Abort(Object stateInfo)
   at System.Web.HttpResponse.AbortCurrentThread()
   at System.Web.HttpResponse.Redirect(String url, Boolean endResponse, Boolean permanent)
   at Aarambha.Account.Login.btnLogin_Click(Object sender, EventArgs e) in C:\Users\ACER\Downloads\Aarambha_NewUI\Aarambha\Account\Login.aspx.cs:line 27
[2026-09-25 05:58:31Z] System.Threading.ThreadAbortException: Thread was being aborted.
   at System.Threading.Thread.AbortInternal()
   at System.Threading.Thread.Abort(Object stateInfo)
   at System.Web.HttpResponse.AbortCurrentThread()
   at System.Web.HttpResponse.Redirect(String url, Boolean endResponse, Boolean permanent)
   at Aarambha.Account.Login.btnLogin_Click(Object sender, EventArgs e) in C:\Users\ACER\Downloads\Aarambha_NewUI\Aarambha\Account\Login.aspx.cs:line 27
[2026-09-25 05:59:54Z] System.Threading.ThreadAbortException: Thread was being aborted.
   at System.Threading.Thread.AbortInternal()
   at System.Threading.Thread.Abort(Object stateInfo)
   at System.Web.HttpResponse.AbortCurrentThread()
   at System.Web.HttpResponse.Redirect(String url, Boolean endResponse, Boolean permanent)
   at Aarambha.Account.Login.btnLogin_Click(Object sender, EventArgs e) in C:\Users\ACER\Downloads\Aarambha_NewUI\Aarambha\Account\Login.aspx.cs:line 27
[2026-09-25 06:03:07Z] System.Threading.ThreadAbortException: Thread was being aborted.
   at System.Threading.Thread.AbortInternal()
   at System.Threading.Thread.Abort(Object stateInfo)
   at System.Web.HttpResponse.AbortCurrentThread()
   at System.Web.HttpResponse.Redirect(String url, Boolean endResponse, Boolean permanent)
   at Aarambha.Account.Login.btnLogin_Click(Object sender, EventArgs e) in C:\Users\ACER\Downloads\Aarambha_NewUI\Aarambha\Account\Login.aspx.cs:line 27
[2026-09-25 06:08:31Z] System.Threading.ThreadAbortException: Thread was being aborted.
   at System.Threading.Thread.AbortInternal()
   at System.Threading.Thread.Abort(Object stateInfo)
   at System.Web.HttpResponse.AbortCurrentThread()
   at System.Web.HttpResponse.Redirect(String url, Boolean endResponse, Boolean permanent)
   at Aarambha.Account.Login.btnLogin_Click(Object sender, EventArgs e) in C:\Users\ACER\Downloads\Aarambha_NewUI\Aarambha\Account\Login.aspx.cs:line 27
[2026-09-25 06:15:10Z] System.Threading.ThreadAbortException: Thread was being aborted.
   at System.Threading.Thread.AbortInternal()
   at System.Threading.Thread.Abort(Object stateInfo)
   at System.Web.HttpResponse.AbortCurrentThread()
   at System.Web.HttpResponse.Redirect(String url, Boolean endResponse, Boolean permanent)
   at Aarambha.Account.Login.btnLogin_Click(Object sender, EventArgs e) in C:\Users\ACER\Downloads\Aarambha_NewUI\Aarambha\Account\Login.aspx.cs:line 27
[2026-09-25 06:21:56Z] System.Threading.ThreadAbortException: Thread was being aborted.
   at System.Threading.Thread.AbortInternal()
   at System.Threading.Thread.Abort(Object stateInfo)
   at System.Web.HttpResponse.AbortCurrentThread()
   at System.Web.HttpResponse.Redirect(String url, Boolean endResponse, Boolean permanent)
   at Aarambha.Account.Login.btnLogin_Click(Object sender, EventArgs e) in C:\Users\ACER\Downloads\Aarambha_NewUI\Aarambha\Account\Login.aspx.cs:line 27
[2026-09-25 06:23:50Z] System.Threading.ThreadAbortException: Thread was being aborted.
   at System.Threading.Thread.AbortInternal()
   at System.Threading.Thread.Abort(Object stateInfo)
   at System.Web.HttpResponse.AbortCurrentThread()
   at System.Web.HttpResponse.Redirect(String url, Boolean endResponse, Boolean permanent)
   at Aarambha.Account.Login.btnLogin_Click(Object sender, EventArgs e) in C:\Users\ACER\Downloads\Aarambha_NewUI\Aarambha\Account\Login.aspx.cs:line 27
[2026-09-25 06:35:25Z] System.Threading.ThreadAbortException: Thread was being aborted.
   at System.Threading.Thread.AbortInternal()
   at System.Threading.Thread.Abort(Object stateInfo)
   at System.Web.HttpResponse.AbortCurrentThread()
   at System.Web.HttpResponse.Redirect(String url, Boolean endResponse, Boolean permanent)
   at Aarambha.Account.Login.btnLogin_Click(Object sender, EventArgs e) in C:\Users\ACER\Downloads\Aarambha_NewUI\Aarambha\Account\Login.aspx.cs:line 27
[2026-09-25 06:39:08Z] System.Threading.ThreadAbortException: Thread was being aborted.
   at System.Threading.Thread.AbortInternal()
   at System.Threading.Thread.Abort(Object stateInfo)
   at System.Web.HttpResponse.AbortCurrentThread()
   at System.Web.HttpResponse.Redirect(String url, Boolean endResponse, Boolean permanent)
   at Aarambha.Account.Login.btnLogin_Click(Object sender, EventArgs e) in C:\Users\ACER\Downloads\Aarambha_NewUI\Aarambha\Account\Login.aspx.cs:line 27
[2026-09-25 06:41:34Z] System.Threading.ThreadAbortException: Thread was being aborted.
   at System.Threading.Thread.AbortInternal()
   at System.Threading.Thread.Abort(Object stateInfo)
   at System.Web.HttpResponse.AbortCurrentThread()
   at System.Web.HttpResponse.Redirect(String url, Boolean endResponse, Boolean permanent)
   at Aarambha.Account.Login.btnLogin_Click(Object sender, EventArgs e) in C:\Users\ACER\Downloads\Aarambha_NewUI\Aarambha\Account\Login.aspx.cs:line 27
[2026-09-25 06:42:49Z] System.Threading.ThreadAbortException: Thread was being aborted.
   at System.Threading.Thread.AbortInternal()
   at System.Threading.Thread.Abort(Object stateInfo)
   at System.Web.HttpResponse.AbortCurrentThread()
   at System.Web.HttpResponse.Redirect(String url, Boolean endResponse, Boolean permanent)
   at Aarambha.Account.Login.btnLogin_Click(Object sender, EventArgs e) in C:\Users\ACER\Downloads\Aarambha_NewUI\Aarambha\Account\Login.aspx.cs:line 27
[2026-09-25 06:52:48Z] System.Threading.ThreadAbortException: Thread was being aborted.
   at System.Threading.Thread.AbortInternal()
   at System.Threading.Thread.Abort(Object stateInfo)
   at System.Web.HttpResponse.AbortCurrentThread()
   at System.Web.HttpResponse.Redirect(String url, Boolean endResponse, Boolean permanent)
   at Aarambha.Account.Login.btnLogin_Click(Object sender, EventArgs e) in C:\Users\ACER\Downloads\Aarambha_NewUI\Aarambha\Account\Login.aspx.cs:line 27
[2026-09-25 06:56:04Z] System.Threading.ThreadAbortException: Thread was being aborted.
   at System.Threading.Thread.AbortInternal()
   at System.Threading.Thread.Abort(Object stateInfo)
   at System.Web.HttpResponse.AbortCurrentThread()
   at System.Web.HttpResponse.Redirect(String url, Boolean endResponse, Boolean permanent)
   at Aarambha.Account.Login.btnLogin_Click(Object sender, EventArgs e) in C:\Users\ACER\Downloads\Aarambha_NewUI\Aarambha\Account\Login.aspx.cs:line 27
[2026-09-25 06:58:01Z] System.Threading.ThreadAbortException: Thread was being aborted.
   at System.Threading.Thread.AbortInternal()
   at System.Threading.Thread.Abort(Object stateInfo)
   at System.Web.HttpResponse.AbortCurrentThread()
   at System.Web.HttpResponse.Redirect(String url, Boolean endResponse, Boolean permanent)
   at Aarambha.Account.Login.btnLogin_Click(Object sender, EventArgs e) in C:\Users\ACER\Downloads\Aarambha_NewUI\Aarambha\Account\Login.aspx.cs:line 27
[2026-09-25 07:00:40Z] System.Threading.ThreadAbortException: Thread was being aborted.
   at System.Threading.Thread.AbortInternal()
   at System.Threading.Thread.Abort(Object stateInfo)
   at System.Web.HttpResponse.AbortCurrentThread()
   at System.Web.HttpResponse.Redirect(String url, Boolean endResponse, Boolean permanent)
   at Aarambha.Account.Login.btnLogin_Click(Object sender, EventArgs e) in C:\Users\ACER\Downloads\Aarambha_NewUI\Aarambha\Account\Login.aspx.cs:line 27
[2026-09-25 07:08:52Z] System.Threading.ThreadAbortException: Thread was being aborted.
   at System.Threading.Thread.AbortInternal()
   at System.Threading.Thread.Abort(Object stateInfo)
   at System.Web.HttpResponse.AbortCurrentThread()
   at System.Web.HttpResponse.Redirect(String url, Boolean endResponse, Boolean permanent)
   at Aarambha.Account.Login.btnLogin_Click(Object sender, EventArgs e) in C:\Users\ACER\Downloads\Aarambha_NewUI\Aarambha\Account\Login.aspx.cs:line 27
[2026-09-25 07:10:00Z] System.Threading.ThreadAbortException: Thread was being aborted.
   at System.Threading.Thread.AbortInternal()
   at System.Threading.Thread.Abort(Object stateInfo)
   at System.Web.HttpResponse.AbortCurrentThread()
   at System.Web.HttpResponse.Redirect(String url, Boolean endResponse, Boolean permanent)
   at Aarambha.Account.Login.btnLogin_Click(Object sender, EventArgs e) in C:\Users\ACER\Downloads\Aarambha_NewUI\Aarambha\Account\Login.aspx.cs:line 27
[2026-09-25 07:14:57Z] System.Threading.ThreadAbortException: Thread was being aborted.
   at System.Threading.Thread.AbortInternal()
   at System.Threading.Thread.Abort(Object stateInfo)
   at System.Web.HttpResponse.AbortCurrentThread()
   at System.Web.HttpResponse.Redirect(String url, Boolean endResponse, Boolean permanent)
   at Aarambha.Account.Login.btnLogin_Click(Object sender, EventArgs e) in C:\Users\ACER\Downloads\Aarambha_NewUI\Aarambha\Account\Login.aspx.cs:line 27
[2026-09-25 07:16:56Z] System.Threading.ThreadAbortException: Thread was being aborted.
   at System.Threading.Thread.AbortInternal()
   at System.Threading.Thread.Abort(Object stateInfo)
   at System.Web.HttpResponse.AbortCurrentThread()
   at System.Web.HttpResponse.Redirect(String url, Boolean endResponse, Boolean permanent)
   at Aarambha.Account.Login.btnLogin_Click(Object sender, EventArgs e) in C:\Users\ACER\Downloads\Aarambha_NewUI\Aarambha\Account\Login.aspx.cs:line 27
[2026-09-25 07:19:09Z] System.Threading.ThreadAbortException: Thread was being aborted.
   at System.Threading.Thread.AbortInternal()
   at System.Threading.Thread.Abort(Object stateInfo)
   at System.Web.HttpResponse.AbortCurrentThread()
   at System.Web.HttpResponse.Redirect(String url, Boolean endResponse, Boolean permanent)
   at Aarambha.Account.Login.btnLogin_Click(Object sender, EventArgs e) in C:\Users\ACER\Downloads\Aarambha_NewUI\Aarambha\Account\Login.aspx.cs:line 27
[2026-09-25 07:24:39Z] System.Threading.ThreadAbortException: Thread was being aborted.
   at System.Threading.Thread.AbortInternal()
   at System.Threading.Thread.Abort(Object stateInfo)
   at System.Web.HttpResponse.AbortCurrentThread()
   at System.Web.HttpResponse.Redirect(String url, Boolean endResponse, Boolean permanent)
   at Aarambha.Account.Login.btnLogin_Click(Object sender, EventArgs e) in C:\Users\ACER\Downloads\Aarambha_NewUI\Aarambha\Account\Login.aspx.cs:line 27
[2026-09-25 07:24:41Z] System.Threading.ThreadAbortException: Thread was being aborted.
   at System.Threading.Thread.AbortInternal()
   at System.Threading.Thread.Abort(Object stateInfo)
   at System.Web.HttpResponse.AbortCurrentThread()
   at System.Web.HttpResponse.Redirect(String url, Boolean endResponse, Boolean permanent)
   at Aarambha.Account.Login.btnLogin_Click(Object sender, EventArgs e) in C:\Users\ACER\Downloads\Aarambha_NewUI\Aarambha\Account\Login.aspx.cs:line 27
[2026-09-25 07:26:08Z] System.Threading.ThreadAbortException: Thread was being aborted.
   at System.Threading.Thread.AbortInternal()
   at System.Threading.Thread.Abort(Object stateInfo)
   at System.Web.HttpResponse.AbortCurrentThread()
   at System.Web.HttpResponse.Redirect(String url, Boolean endResponse, Boolean permanent)
   at Aarambha.Account.Login.btnLogin_Click(Object sender, EventArgs e) in C:\Users\ACER\Downloads\Aarambha_NewUI\Aarambha\Account\Login.aspx.cs:line 27
[2026-09-25 07:31:37Z] System.Threading.ThreadAbortException: Thread was being aborted.
   at System.Threading.Thread.AbortInternal()
   at System.Threading.Thread.Abort(Object stateInfo)
   at System.Web.HttpResponse.AbortCurrentThread()
   at System.Web.HttpResponse.Redirect(String url, Boolean endResponse, Boolean permanent)
   at Aarambha.Account.Login.btnLogin_Click(Object sender, EventArgs e) in C:\Users\ACER\Downloads\Aarambha_NewUI\Aarambha\Account\Login.aspx.cs:line 27
[2026-09-25 07:36:37Z] System.Threading.ThreadAbortException: Thread was being aborted.
   at System.Threading.Thread.AbortInternal()
   at System.Threading.Thread.Abort(Object stateInfo)
   at System.Web.HttpResponse.AbortCurrentThread()
   at System.Web.HttpResponse.Redirect(String url, Boolean endResponse, Boolean permanent)
   at Aarambha.Account.Login.btnLogin_Click(Object sender, EventArgs e) in C:\Users\ACER\Downloads\Aarambha_NewUI\Aarambha\Account\Login.aspx.cs:line 27
[2026-09-25 07:43:04Z] System.Threading.ThreadAbortException: Thread was being aborted.
   at System.Threading.Thread.AbortInternal()
   at System.Threading.Thread.Abort(Object stateInfo)
   at System.Web.HttpResponse.AbortCurrentThread()
   at System.Web.HttpResponse.Redirect(String url, Boolean endResponse, Boolean permanent)
   at Aarambha.Account.Login.btnLogin_Click(Object sender, EventArgs e) in C:\Users\ACER\Downloads\Aarambha_NewUI\Aarambha\Account\Login.aspx.cs:line 27
[2026-09-25 07:51:05Z] System.Threading.ThreadAbortException: Thread was being aborted.
   at System.Threading.Thread.AbortInternal()
   at System.Threading.Thread.Abort(Object stateInfo)
   at System.Web.HttpResponse.AbortCurrentThread()
   at System.Web.HttpResponse.Redirect(String url, Boolean endResponse, Boolean permanent)
   at Aarambha.Account.Login.btnLogin_Click(Object sender, EventArgs e) in C:\Users\ACER\Downloads\Aarambha_NewUI\Aarambha\Account\Login.aspx.cs:line 27
[2026-09-25 07:58:33Z] System.Threading.ThreadAbortException: Thread was being aborted.
   at System.Threading.Thread.AbortInternal()
   at System.Threading.Thread.Abort(Object stateInfo)
   at System.Web.HttpResponse.AbortCurrentThread()
   at System.Web.HttpResponse.Redirect(String url, Boolean endResponse, Boolean permanent)
   at Aarambha.Account.Login.btnLogin_Click(Object sender, EventArgs e) in C:\Users\ACER\Downloads\Aarambha_NewUI\Aarambha\Account\Login.aspx.cs:line 27
[2026-09-25 07:59:39Z] System.Threading.ThreadAbortException: Thread was being aborted.
   at System.Threading.Thread.AbortInternal()
   at System.Threading.Thread.Abort(Object stateInfo)
   at System.Web.HttpResponse.AbortCurrentThread()
   at System.Web.HttpResponse.Redirect(String url, Boolean endResponse, Boolean permanent)
   at Aarambha.Account.Login.btnLogin_Click(Object sender, EventArgs e) in C:\Users\ACER\Downloads\Aarambha_NewUI\Aarambha\Account\Login.aspx.cs:line 27
[2026-09-25 08:06:06Z] System.Threading.ThreadAbortException: Thread was being aborted.
   at System.Threading.Thread.AbortInternal()
   at System.Threading.Thread.Abort(Object stateInfo)
   at System.Web.HttpResponse.AbortCurrentThread()
   at System.Web.HttpResponse.Redirect(String url, Boolean endResponse, Boolean permanent)
   at Aarambha.Account.Login.btnLogin_Click(Object sender, EventArgs e) in C:\Users\ACER\Downloads\Aarambha_NewUI\Aarambha\Account\Login.aspx.cs:line 27
[2026-09-25 08:09:40Z] System.Threading.ThreadAbortException: Thread was being aborted.
   at System.Threading.Thread.AbortInternal()
   at System.Threading.Thread.Abort(Object stateInfo)
   at System.Web.HttpResponse.AbortCurrentThread()
   at System.Web.HttpResponse.Redirect(String url, Boolean endResponse, Boolean permanent)
   at Aarambha.Account.Login.btnLogin_Click(Object sender, EventArgs e) in C:\Users\ACER\Downloads\Aarambha_NewUI\Aarambha\Account\Login.aspx.cs:line 27
[2026-09-25 08:10:09Z] System.Threading.ThreadAbortException: Thread was being aborted.
   at System.Threading.Thread.AbortInternal()
   at System.Threading.Thread.Abort(Object stateInfo)
   at System.Web.HttpResponse.AbortCurrentThread()
   at System.Web.HttpResponse.Redirect(String url, Boolean endResponse, Boolean permanent)
   at Aarambha.Account.Login.btnLogin_Click(Object sender, EventArgs e) in C:\Users\ACER\Downloads\Aarambha_NewUI\Aarambha\Account\Login.aspx.cs:line 27
[2026-09-25 09:03:25Z] System.Threading.ThreadAbortException: Thread was being aborted.
   at System.Threading.Thread.AbortInternal()
   at System.Threading.Thread.Abort(Object stateInfo)
   at System.Web.HttpResponse.AbortCurrentThread()
   at System.Web.HttpResponse.Redirect(String url, Boolean endResponse, Boolean permanent)
   at Aarambha.Account.Login.btnLogin_Click(Object sender, EventArgs e) in C:\Users\ACER\Downloads\Aarambha_NewUI\Aarambha\Account\Login.aspx.cs:line 27
[2026-09-26 07:03:23Z] System.Threading.ThreadAbortException: Thread was being aborted.
   at System.Threading.Thread.AbortInternal()
   at System.Threading.Thread.Abort(Object stateInfo)
   at System.Web.HttpResponse.AbortCurrentThread()
   at System.Web.HttpResponse.Redirect(String url, Boolean endResponse, Boolean permanent)
   at Aarambha.Account.Login.btnLogin_Click(Object sender, EventArgs e) in C:\Users\ACER\Downloads\Aarambha_NewUI\Aarambha\Account\Login.aspx.cs:line 27
[2026-09-26 07:06:36Z] System.Threading.ThreadAbortException: Thread was being aborted.
   at System.Threading.Thread.AbortInternal()
   at System.Threading.Thread.Abort(Object stateInfo)
   at System.Web.HttpResponse.AbortCurrentThread()
   at System.Web.HttpResponse.Redirect(String url, Boolean endResponse, Boolean permanent)
   at Aarambha.Account.Login.btnLogin_Click(Object sender, EventArgs e) in C:\Users\ACER\Downloads\Aarambha_NewUI\Aarambha\Account\Login.aspx.cs:line 27
[2026-09-26 07:07:59Z] System.Threading.ThreadAbortException: Thread was being aborted.
   at System.Threading.Thread.AbortInternal()
   at System.Threading.Thread.Abort(Object stateInfo)
   at System.Web.HttpResponse.AbortCurrentThread()
   at System.Web.HttpResponse.Redirect(String url, Boolean endResponse, Boolean permanent)
   at Aarambha.Account.Login.btnLogin_Click(Object sender, EventArgs e) in C:\Users\ACER\Downloads\Aarambha_NewUI\Aarambha\Account\Login.aspx.cs:line 27
[2026-09-26 07:09:44Z] System.Threading.ThreadAbortException: Thread was being aborted.
   at System.Threading.Thread.AbortInternal()
   at System.Threading.Thread.Abort(Object stateInfo)
   at System.Web.HttpResponse.AbortCurrentThread()
   at System.Web.HttpResponse.Redirect(String url, Boolean endResponse, Boolean permanent)
   at Aarambha.Account.Login.btnLogin_Click(Object sender, EventArgs e) in C:\Users\ACER\Downloads\Aarambha_NewUI\Aarambha\Account\Login.aspx.cs:line 27
